USE gametable;

INSERT INTO designer (name, dob) VALUES ('Uwe Rosenberg', '1980-01-27');
INSERT INTO designer (name, dob) VALUES ('Reiner Knizia', '1958-05-19');
INSERT INTO designer (name, dob) VALUES ('Elizabeth Hargrave', '1971-01-27');
INSERT INTO designer (name, dob) VALUES ('Matt Leacock', '1977-11-06');
INSERT INTO designer (name, dob) VALUES ('Isaac Childres', '1970-02-26');
INSERT INTO designer (name, dob) VALUES ('Jamey Stegmaier', '1967-11-13');
INSERT INTO designer (name, dob) VALUES ('Alan R. Moon', '1963-03-22');
INSERT INTO designer (name, dob) VALUES ('Antoine Bauza', '1952-03-11');
INSERT INTO designer (name, dob) VALUES ('Bruno Cathala', '1954-02-23');
INSERT INTO designer (name, dob) VALUES ('Stefan Feld', '1971-12-20');
INSERT INTO designer (name, dob) VALUES ('Marcel Hennings', '1992-08-17');
INSERT INTO designer (name, dob) VALUES ('Aya Kimura', '1956-07-14');
INSERT INTO designer (name, dob) VALUES ('Lucas Ferrer', '1990-11-10');
INSERT INTO designer (name, dob) VALUES ('Sofia Rossi', '1987-03-08');
INSERT INTO designer (name, dob) VALUES ('Victor Hsu', '1967-06-12');
INSERT INTO designer (name, dob) VALUES ('Claire Moreau', '1984-06-13');
INSERT INTO designer (name, dob) VALUES ('Hiro Tanaka', '1994-05-09');
INSERT INTO designer (name, dob) VALUES ('Natalie Ortiz', '1985-11-08');
INSERT INTO designer (name, dob) VALUES ('Pablo Mendes', '1971-11-21');
INSERT INTO designer (name, dob) VALUES ('Eleanor Hayes', '1963-03-29');
INSERT INTO artists (name, dob) VALUES ('Andreas Resch', '1950-07-01');
INSERT INTO artists (name, dob) VALUES ('Ian O''Toole', '1959-07-25');
INSERT INTO artists (name, dob) VALUES ('Klemens Franz', '1988-02-22');
INSERT INTO artists (name, dob) VALUES ('Beth Sobel', '1969-08-19');
INSERT INTO artists (name, dob) VALUES ('Miguel Coimbra', '1965-10-12');
INSERT INTO artists (name, dob) VALUES ('Roberto Fraga', '1991-09-05');
INSERT INTO artists (name, dob) VALUES ('Kwanchai Moriya', '1954-07-04');
INSERT INTO artists (name, dob) VALUES ('Florian Mirbach', '1972-05-10');
INSERT INTO artists (name, dob) VALUES ('Michael Menzel', '1960-11-20');
INSERT INTO artists (name, dob) VALUES ('Justin Sweet', '1990-12-14');
INSERT INTO artists (name, dob) VALUES ('Vincent Dutrait', '1961-12-18');
INSERT INTO artists (name, dob) VALUES ('John Howe', '1991-09-08');
INSERT INTO artists (name, dob) VALUES ('Marzia Faietti', '1978-06-20');
INSERT INTO artists (name, dob) VALUES ('Huang Yan', '1989-09-15');
INSERT INTO artists (name, dob) VALUES ('Gus & Co', '1995-04-15');
INSERT INTO artists (name, dob) VALUES ('Emma Laird', '1988-04-14');
INSERT INTO artists (name, dob) VALUES ('Satoshi Yamamoto', '1990-01-02');
INSERT INTO artists (name, dob) VALUES ('Clara Bianchi', '1964-04-12');
INSERT INTO artists (name, dob) VALUES ('Rafael Costa', '1992-08-02');
INSERT INTO artists (name, dob) VALUES ('Noah King', '1990-05-18');
INSERT INTO genre (title, description) VALUES ('Strategy', 'Strategy games');
INSERT INTO genre (title, description) VALUES ('Family', 'Family games');
INSERT INTO genre (title, description) VALUES ('Party', 'Party games');
INSERT INTO genre (title, description) VALUES ('Cooperative', 'Cooperative games');
INSERT INTO genre (title, description) VALUES ('Deck Building', 'Deck Building games');
INSERT INTO genre (title, description) VALUES ('Economic', 'Economic games');
INSERT INTO genre (title, description) VALUES ('Eurogame', 'Eurogame games');
INSERT INTO genre (title, description) VALUES ('Thematic', 'Thematic games');
INSERT INTO genre (title, description) VALUES ('Abstract', 'Abstract games');
INSERT INTO genre (title, description) VALUES ('Wargame', 'Wargame games');
INSERT INTO genre (title, description) VALUES ('Adventure', 'Adventure games');
INSERT INTO genre (title, description) VALUES ('Engine Building', 'Engine Building games');
INSERT INTO `user` (display_name, username, password, dob, email) VALUES ('Jamie Smith', 'jsmith760', 'password123', '1987-04-08', 'jsmith760@example.com');
INSERT INTO `user` (display_name, username, password, dob, email) VALUES ('Taylor Smith', 'tsmith96', 'password123', '1983-04-17', 'tsmith96@example.com');
INSERT INTO `user` (display_name, username, password, dob, email) VALUES ('Charlotte Smith', 'csmith575', 'password123', '1982-12-21', 'csmith575@example.com');
INSERT INTO `user` (display_name, username, password, dob, email) VALUES ('Mia Robinson', 'mrobinson226', 'password123', '1998-10-09', 'mrobinson226@example.com');
INSERT INTO `user` (display_name, username, password, dob, email) VALUES ('Alex Scott', 'ascott826', 'password123', '1980-12-14', 'ascott826@example.com');
INSERT INTO `user` (display_name, username, password, dob, email) VALUES ('Blake Harris', 'bharris160', 'password123', '1983-06-04', 'bharris160@example.com');
INSERT INTO `user` (display_name, username, password, dob, email) VALUES ('Riley Martinez', 'rmartinez100', 'password123', '1992-06-20', 'rmartinez100@example.com');
INSERT INTO `user` (display_name, username, password, dob, email) VALUES ('Skyler Green', 'sgreen45', 'password123', '1999-09-04', 'sgreen45@example.com');
INSERT INTO `user` (display_name, username, password, dob, email) VALUES ('Logan Brown', 'lbrown566', 'password123', '1988-11-20', 'lbrown566@example.com');
INSERT INTO `user` (display_name, username, password, dob, email) VALUES ('Sawyer Walker', 'swalker197', 'password123', '1974-01-22', 'swalker197@example.com');
INSERT INTO `user` (display_name, username, password, dob, email) VALUES ('Quinn Scott', 'qscott297', 'password123', '1975-04-28', 'qscott297@example.com');
INSERT INTO `user` (display_name, username, password, dob, email) VALUES ('Casey Martinez', 'cmartinez285', 'password123', '1999-11-27', 'cmartinez285@example.com');
INSERT INTO `user` (display_name, username, password, dob, email) VALUES ('Sawyer Thomas', 'sthomas380', 'password123', '1992-04-22', 'sthomas380@example.com');
INSERT INTO `user` (display_name, username, password, dob, email) VALUES ('Dakota King', 'dking960', 'password123', '1974-10-21', 'dking960@example.com');
INSERT INTO `user` (display_name, username, password, dob, email) VALUES ('Robin Lee', 'rlee747', 'password123', '1985-03-15', 'rlee747@example.com');
INSERT INTO `user` (display_name, username, password, dob, email) VALUES ('Logan Harris', 'lharris948', 'password123', '1984-11-11', 'lharris948@example.com');
INSERT INTO `user` (display_name, username, password, dob, email) VALUES ('Jordan White', 'jwhite842', 'password123', '1972-06-13', 'jwhite842@example.com');
INSERT INTO `user` (display_name, username, password, dob, email) VALUES ('Dakota Brown', 'dbrown217', 'password123', '1990-04-21', 'dbrown217@example.com');
INSERT INTO `user` (display_name, username, password, dob, email) VALUES ('Lucas Martinez', 'lmartinez906', 'password123', '1999-03-09', 'lmartinez906@example.com');
INSERT INTO `user` (display_name, username, password, dob, email) VALUES ('Lee White', 'lwhite763', 'password123', '1986-12-19', 'lwhite763@example.com');
INSERT INTO `user` (display_name, username, password, dob, email) VALUES ('Liam Nelson', 'lnelson598', 'password123', '1995-06-08', 'lnelson598@example.com');
INSERT INTO `user` (display_name, username, password, dob, email) VALUES ('Lee Lewis', 'llewis506', 'password123', '1975-01-28', 'llewis506@example.com');
INSERT INTO `user` (display_name, username, password, dob, email) VALUES ('Jamie Anderson', 'janderson643', 'password123', '1980-11-14', 'janderson643@example.com');
INSERT INTO `user` (display_name, username, password, dob, email) VALUES ('Charlotte Brown', 'cbrown395', 'password123', '1994-10-15', 'cbrown395@example.com');
INSERT INTO `user` (display_name, username, password, dob, email) VALUES ('Isabella Harris', 'iharris995', 'password123', '1970-11-24', 'iharris995@example.com');
INSERT INTO `user` (display_name, username, password, dob, email) VALUES ('Jamie Young', 'jyoung907', 'password123', '1987-11-11', 'jyoung907@example.com');
INSERT INTO `user` (display_name, username, password, dob, email) VALUES ('Jamie Martin', 'jmartin446', 'password123', '1980-08-01', 'jmartin446@example.com');
INSERT INTO `user` (display_name, username, password, dob, email) VALUES ('Skyler Lewis', 'slewis781', 'password123', '1981-09-04', 'slewis781@example.com');
INSERT INTO `user` (display_name, username, password, dob, email) VALUES ('Elliot Baker', 'ebaker655', 'password123', '2002-10-07', 'ebaker655@example.com');
INSERT INTO `user` (display_name, username, password, dob, email) VALUES ('Drew Garcia', 'dgarcia781', 'password123', '1980-09-25', 'dgarcia781@example.com');
INSERT INTO `user` (display_name, username, password, dob, email) VALUES ('Isabella Smith', 'ismith614', 'password123', '1990-08-01', 'ismith614@example.com');
INSERT INTO `user` (display_name, username, password, dob, email) VALUES ('Jamie Garcia', 'jgarcia900', 'password123', '1989-04-02', 'jgarcia900@example.com');
INSERT INTO `user` (display_name, username, password, dob, email) VALUES ('Rowan Nelson', 'rnelson581', 'password123', '1975-02-24', 'rnelson581@example.com');
INSERT INTO `user` (display_name, username, password, dob, email) VALUES ('Lucas Baker', 'lbaker71', 'password123', '1978-03-22', 'lbaker71@example.com');
INSERT INTO `user` (display_name, username, password, dob, email) VALUES ('Emma Lee', 'elee170', 'password123', '1986-09-28', 'elee170@example.com');
INSERT INTO `user` (display_name, username, password, dob, email) VALUES ('Charlotte Robinson', 'crobinson988', 'password123', '1983-09-25', 'crobinson988@example.com');
INSERT INTO `user` (display_name, username, password, dob, email) VALUES ('Avery King', 'aking320', 'password123', '1995-11-21', 'aking320@example.com');
INSERT INTO `user` (display_name, username, password, dob, email) VALUES ('Sawyer Clark', 'sclark922', 'password123', '2003-08-04', 'sclark922@example.com');
INSERT INTO `user` (display_name, username, password, dob, email) VALUES ('Rowan White', 'rwhite66', 'password123', '1991-01-19', 'rwhite66@example.com');
INSERT INTO `user` (display_name, username, password, dob, email) VALUES ('Ethan White', 'ewhite603', 'password123', '1984-01-03', 'ewhite603@example.com');
INSERT INTO `user` (display_name, username, password, dob, email) VALUES ('Sofia White', 'swhite286', 'password123', '2001-04-18', 'swhite286@example.com');
INSERT INTO `user` (display_name, username, password, dob, email) VALUES ('Lee Wright', 'lwright958', 'password123', '2000-04-26', 'lwright958@example.com');
INSERT INTO `user` (display_name, username, password, dob, email) VALUES ('Emma Green', 'egreen417', 'password123', '1982-02-04', 'egreen417@example.com');
INSERT INTO `user` (display_name, username, password, dob, email) VALUES ('Liam Garcia', 'lgarcia434', 'password123', '1996-08-28', 'lgarcia434@example.com');
INSERT INTO `user` (display_name, username, password, dob, email) VALUES ('Jordan Young', 'jyoung670', 'password123', '1976-01-13', 'jyoung670@example.com');
INSERT INTO `user` (display_name, username, password, dob, email) VALUES ('Blake Green', 'bgreen883', 'password123', '1976-04-07', 'bgreen883@example.com');
INSERT INTO `user` (display_name, username, password, dob, email) VALUES ('Avery Lee', 'alee460', 'password123', '1978-07-06', 'alee460@example.com');
INSERT INTO `user` (display_name, username, password, dob, email) VALUES ('Dakota Clark', 'dclark256', 'password123', '1974-08-26', 'dclark256@example.com');
INSERT INTO `user` (display_name, username, password, dob, email) VALUES ('Ethan Taylor', 'etaylor52', 'password123', '1970-02-25', 'etaylor52@example.com');
INSERT INTO `user` (display_name, username, password, dob, email) VALUES ('Rowan Thomas', 'rthomas417', 'password123', '2001-08-07', 'rthomas417@example.com');
INSERT INTO `user` (display_name, username, password, dob, email) VALUES ('Zoe Nelson', 'znelson61', 'password123', '1980-07-01', 'znelson61@example.com');
INSERT INTO `user` (display_name, username, password, dob, email) VALUES ('Logan Harris5', 'lharris949', 'password123', '1999-05-14', 'lharris949@example.com');
INSERT INTO `user` (display_name, username, password, dob, email) VALUES ('Ethan Young', 'eyoung736', 'password123', '2001-03-07', 'eyoung736@example.com');
INSERT INTO `user` (display_name, username, password, dob, email) VALUES ('Reese Jackson', 'rjackson992', 'password123', '1973-10-24', 'rjackson992@example.com');
INSERT INTO `user` (display_name, username, password, dob, email) VALUES ('Mia Johnson', 'mjohnson766', 'password123', '1990-01-02', 'mjohnson766@example.com');
INSERT INTO `user` (display_name, username, password, dob, email) VALUES ('Amelia Rodriguez', 'arodriguez515', 'password123', '2003-03-02', 'arodriguez515@example.com');
INSERT INTO `user` (display_name, username, password, dob, email) VALUES ('Sofia Brown', 'sbrown872', 'password123', '1981-02-20', 'sbrown872@example.com');
INSERT INTO `user` (display_name, username, password, dob, email) VALUES ('Morgan Young', 'myoung883', 'password123', '1985-07-04', 'myoung883@example.com');
INSERT INTO `user` (display_name, username, password, dob, email) VALUES ('Ava White', 'awhite593', 'password123', '1972-10-03', 'awhite593@example.com');
INSERT INTO `user` (display_name, username, password, dob, email) VALUES ('Maya Young', 'myoung598', 'password123', '2003-06-09', 'myoung598@example.com');
INSERT INTO `user` (display_name, username, password, dob, email) VALUES ('Parker Young', 'pyoung734', 'password123', '1990-04-09', 'pyoung734@example.com');
INSERT INTO `user` (display_name, username, password, dob, email) VALUES ('Zoe Anderson', 'zanderson688', 'password123', '1989-08-11', 'zanderson688@example.com');
INSERT INTO `user` (display_name, username, password, dob, email) VALUES ('Morgan Smith', 'msmith470', 'password123', '1976-02-18', 'msmith470@example.com');
INSERT INTO `user` (display_name, username, password, dob, email) VALUES ('Parker Lewis', 'plewis272', 'password123', '1978-06-03', 'plewis272@example.com');
INSERT INTO `user` (display_name, username, password, dob, email) VALUES ('Rowan Garcia', 'rgarcia292', 'password123', '1980-08-27', 'rgarcia292@example.com');
INSERT INTO `user` (display_name, username, password, dob, email) VALUES ('Mia King', 'mking310', 'password123', '2003-01-22', 'mking310@example.com');
INSERT INTO `user` (display_name, username, password, dob, email) VALUES ('Ethan Martin', 'emartin955', 'password123', '1976-03-09', 'emartin955@example.com');
INSERT INTO `user` (display_name, username, password, dob, email) VALUES ('Jamie Nelson6', 'jnelson110', 'password123', '1979-05-10', 'jnelson110@example.com');
INSERT INTO `user` (display_name, username, password, dob, email) VALUES ('Charlotte Jackson', 'cjackson735', 'password123', '1991-04-22', 'cjackson735@example.com');
INSERT INTO `user` (display_name, username, password, dob, email) VALUES ('Skyler Lewis6', 'slewis501', 'password123', '1986-01-03', 'slewis501@example.com');
INSERT INTO `user` (display_name, username, password, dob, email) VALUES ('Liam Baker', 'lbaker284', 'password123', '1972-01-11', 'lbaker284@example.com');
INSERT INTO `user` (display_name, username, password, dob, email) VALUES ('Lee Allen', 'lallen269', 'password123', '1980-12-15', 'lallen269@example.com');
INSERT INTO `user` (display_name, username, password, dob, email) VALUES ('Ethan King', 'eking438', 'password123', '1970-02-03', 'eking438@example.com');
INSERT INTO `user` (display_name, username, password, dob, email) VALUES ('Drew Lee', 'dlee37', 'password123', '1993-10-18', 'dlee37@example.com');
INSERT INTO `user` (display_name, username, password, dob, email) VALUES ('Drew Robinson', 'drobinson131', 'password123', '1972-05-12', 'drobinson131@example.com');
INSERT INTO `user` (display_name, username, password, dob, email) VALUES ('Taylor Nelson', 'tnelson367', 'password123', '1983-11-08', 'tnelson367@example.com');
INSERT INTO `user` (display_name, username, password, dob, email) VALUES ('Casey Garcia', 'cgarcia799', 'password123', '1996-10-24', 'cgarcia799@example.com');
INSERT INTO `user` (display_name, username, password, dob, email) VALUES ('Drew White', 'dwhite886', 'password123', '1980-03-14', 'dwhite886@example.com');
INSERT INTO `user` (display_name, username, password, dob, email) VALUES ('Sam Thomas', 'sthomas755', 'password123', '1991-07-26', 'sthomas755@example.com');
INSERT INTO `user` (display_name, username, password, dob, email) VALUES ('Rowan Harris', 'rharris164', 'password123', '1976-07-28', 'rharris164@example.com');
INSERT INTO `user` (display_name, username, password, dob, email) VALUES ('Taylor Adams', 'tadams482', 'password123', '1984-04-27', 'tadams482@example.com');
INSERT INTO `user` (display_name, username, password, dob, email) VALUES ('Olivia Garcia', 'ogarcia313', 'password123', '1984-04-01', 'ogarcia313@example.com');
INSERT INTO `user` (display_name, username, password, dob, email) VALUES ('Avery Martinez', 'amartinez337', 'password123', '1987-02-25', 'amartinez337@example.com');
INSERT INTO `user` (display_name, username, password, dob, email) VALUES ('Dakota Garcia', 'dgarcia657', 'password123', '2002-07-22', 'dgarcia657@example.com');
INSERT INTO `user` (display_name, username, password, dob, email) VALUES ('Mia Thompson', 'mthompson962', 'password123', '1971-02-09', 'mthompson962@example.com');
INSERT INTO `user` (display_name, username, password, dob, email) VALUES ('Cameron Walker', 'cwalker986', 'password123', '1986-01-04', 'cwalker986@example.com');
INSERT INTO `user` (display_name, username, password, dob, email) VALUES ('Charlotte Robinson6', 'crobinson354', 'password123', '1990-07-20', 'crobinson354@example.com');
INSERT INTO `user` (display_name, username, password, dob, email) VALUES ('Sofia Taylor', 'staylor395', 'password123', '1982-05-02', 'staylor395@example.com');
INSERT INTO `user` (display_name, username, password, dob, email) VALUES ('Liam Smith', 'lsmith533', 'password123', '1982-06-14', 'lsmith533@example.com');
INSERT INTO `user` (display_name, username, password, dob, email) VALUES ('Morgan Young6', 'myoung943', 'password123', '1991-10-11', 'myoung943@example.com');
INSERT INTO `user` (display_name, username, password, dob, email) VALUES ('Jamie Wright', 'jwright922', 'password123', '1989-09-10', 'jwright922@example.com');
INSERT INTO `user` (display_name, username, password, dob, email) VALUES ('Maya Thompson', 'mthompson413', 'password123', '1988-09-05', 'mthompson413@example.com');
INSERT INTO `user` (display_name, username, password, dob, email) VALUES ('Avery Robinson', 'arobinson681', 'password123', '1994-11-24', 'arobinson681@example.com');
INSERT INTO `user` (display_name, username, password, dob, email) VALUES ('Cameron Hall', 'chall583', 'password123', '1989-07-18', 'chall583@example.com');
INSERT INTO `user` (display_name, username, password, dob, email) VALUES ('Alex Martin', 'amartin294', 'password123', '1983-07-26', 'amartin294@example.com');
INSERT INTO `user` (display_name, username, password, dob, email) VALUES ('Amelia Hall', 'ahall671', 'password123', '1990-08-15', 'ahall671@example.com');
INSERT INTO `user` (display_name, username, password, dob, email) VALUES ('Noah Young', 'nyoung219', 'password123', '2002-08-26', 'nyoung219@example.com');
INSERT INTO `user` (display_name, username, password, dob, email) VALUES ('Robin Young', 'ryoung87', 'password123', '1988-09-22', 'ryoung87@example.com');
INSERT INTO `user` (display_name, username, password, dob, email) VALUES ('Drew Thomas', 'dthomas529', 'password123', '1977-06-12', 'dthomas529@example.com');
INSERT INTO `user` (display_name, username, password, dob, email) VALUES ( 'Sofia Martin', 'smartin481', 'password123', '1992-12-30', 'smartin481@example.com');

INSERT INTO game (name, slug, year_published, bgg_rating, difficulty_rating, description, play_time, available, min_players, max_players) VALUES ('Catan', 'catan', '1991', 8.41, 3.94, 'Catan offers engaging gameplay with an emphasis on player interaction and replayability.', 45, 1, 1, 4);
INSERT INTO game (name, slug, year_published, bgg_rating, difficulty_rating, description, play_time, available, min_players, max_players) VALUES ('Ticket to Ride', 'ticket-to-ride', '2003', 6.25, 2.0, 'Ticket to Ride offers engaging gameplay with an emphasis on player interaction and replayability.', 45, 1, 2, 6);
INSERT INTO game (name, slug, year_published, bgg_rating, difficulty_rating, description, play_time, available, min_players, max_players) VALUES ('Pandemic', 'pandemic', '1980', 6.44, 1.81, 'Pandemic offers engaging gameplay with an emphasis on player interaction and replayability.', 120, 0, 1, 2);
INSERT INTO game (name, slug, year_published, bgg_rating, difficulty_rating, description, play_time, available, min_players, max_players) VALUES ('Carcassonne', 'carcassonne', '2001', 7.3, 2.9, 'Carcassonne offers engaging gameplay with an emphasis on player interaction and replayability.', 60, 0, 1, 5);
INSERT INTO game (name, slug, year_published, bgg_rating, difficulty_rating, description, play_time, available, min_players, max_players) VALUES ('Terraforming Mars', 'terraforming-mars', '1999', 8.9, 3.04, 'Terraforming Mars offers engaging gameplay with an emphasis on player interaction and replayability.', 120, 0, 2, 5);
INSERT INTO game (name, slug, year_published, bgg_rating, difficulty_rating, description, play_time, available, min_players, max_players) VALUES ('Dominion', 'dominion', '1975', 9.02, 2.05, 'Dominion offers engaging gameplay with an emphasis on player interaction and replayability.', 60, 1, 1, 5);
INSERT INTO game (name, slug, year_published, bgg_rating, difficulty_rating, description, play_time, available, min_players, max_players) VALUES ('Gloomhaven', 'gloomhaven', '1989', 6.87, 2.7, 'Gloomhaven offers engaging gameplay with an emphasis on player interaction and replayability.', 60, 1, 2, 8);
INSERT INTO game (name, slug, year_published, bgg_rating, difficulty_rating, description, play_time, available, min_players, max_players) VALUES ('Azul', 'azul', '1985', 8.69, 4.22, 'Azul offers engaging gameplay with an emphasis on player interaction and replayability.', 90, 0, 2, 6);
INSERT INTO game (name, slug, year_published, bgg_rating, difficulty_rating, description, play_time, available, min_players, max_players) VALUES ('7 Wonders', '7-wonders', '2011', 8.12, 1.29, '7 Wonders offers engaging gameplay with an emphasis on player interaction and replayability.', 60, 0, 2, 3);
INSERT INTO game (name, slug, year_published, bgg_rating, difficulty_rating, description, play_time, available, min_players, max_players) VALUES ('Wingspan', 'wingspan', '1978', 6.83, 2.15, 'Wingspan offers engaging gameplay with an emphasis on player interaction and replayability.', 60, 1, 2, 5);
INSERT INTO game (name, slug, year_published, bgg_rating, difficulty_rating, description, play_time, available, min_players, max_players) VALUES ('Scythe', 'scythe', '1992', 8.41, 3.91, 'Scythe offers engaging gameplay with an emphasis on player interaction and replayability.', 45, 0, 2, 2);
INSERT INTO game (name, slug, year_published, bgg_rating, difficulty_rating, description, play_time, available, min_players, max_players) VALUES ('Splendor', 'splendor', '2022', 7.73, 4.5, 'Splendor offers engaging gameplay with an emphasis on player interaction and replayability.', 45, 0, 1, 8);
INSERT INTO game (name, slug, year_published, bgg_rating, difficulty_rating, description, play_time, available, min_players, max_players) VALUES ('Root', 'root', '1977', 8.41, 4.32, 'Root offers engaging gameplay with an emphasis on player interaction and replayability.', 30, 0, 1, 3);
INSERT INTO game (name, slug, year_published, bgg_rating, difficulty_rating, description, play_time, available, min_players, max_players) VALUES ('Codenames', 'codenames', '1983', 7.52, 1.4, 'Codenames offers engaging gameplay with an emphasis on player interaction and replayability.', 30, 1, 2, 4);
INSERT INTO game (name, slug, year_published, bgg_rating, difficulty_rating, description, play_time, available, min_players, max_players) VALUES ('Spirit Island', 'spirit-island', '1985', 7.94, 4.37, 'Spirit Island offers engaging gameplay with an emphasis on player interaction and replayability.', 120, 0, 1, 4);
INSERT INTO game (name, slug, year_published, bgg_rating, difficulty_rating, description, play_time, available, min_players, max_players) VALUES ('Brass: Birmingham', 'brass-birmingham', '1981', 7.85, 4.25, 'Brass: Birmingham offers engaging gameplay with an emphasis on player interaction and replayability.', 90, 1, 2, 8);
INSERT INTO game (name, slug, year_published, bgg_rating, difficulty_rating, description, play_time, available, min_players, max_players) VALUES ('Ark Nova', 'ark-nova', '1987', 6.24, 3.42, 'Ark Nova offers engaging gameplay with an emphasis on player interaction and replayability.', 120, 0, 1, 8);
INSERT INTO game (name, slug, year_published, bgg_rating, difficulty_rating, description, play_time, available, min_players, max_players) VALUES ('Everdell', 'everdell', '2024', 6.97, 3.39, 'Everdell offers engaging gameplay with an emphasis on player interaction and replayability.', 20, 0, 2, 6);
INSERT INTO game (name, slug, year_published, bgg_rating, difficulty_rating, description, play_time, available, min_players, max_players) VALUES ('Kingdomino', 'kingdomino', '2002', 8.12, 1.24, 'Kingdomino offers engaging gameplay with an emphasis on player interaction and replayability.', 120, 1, 1, 5);
INSERT INTO game (name, slug, year_published, bgg_rating, difficulty_rating, description, play_time, available, min_players, max_players) VALUES ('The Quacks of Quedlinburg', 'the-quacks-of-quedlinburg', '2006', 6.34, 4.36, 'The Quacks of Quedlinburg offers engaging gameplay with an emphasis on player interaction and replayability.', 120, 1, 1, 5);
INSERT INTO game (name, slug, year_published, bgg_rating, difficulty_rating, description, play_time, available, min_players, max_players) VALUES ('Lost Ruins of Arnak', 'lost-ruins-of-arnak', '1986', 8.35, 4.38, 'Lost Ruins of Arnak offers engaging gameplay with an emphasis on player interaction and replayability.', 45, 1, 2, 5);
INSERT INTO game (name, slug, year_published, bgg_rating, difficulty_rating, description, play_time, available, min_players, max_players) VALUES ('Clank!', 'clank', '2021', 7.9, 2.13, 'Clank! offers engaging gameplay with an emphasis on player interaction and replayability.', 30, 0, 2, 5);
INSERT INTO game (name, slug, year_published, bgg_rating, difficulty_rating, description, play_time, available, min_players, max_players) VALUES ('Patchwork', 'patchwork', '1990', 8.4, 2.99, 'Patchwork offers engaging gameplay with an emphasis on player interaction and replayability.', 120, 1, 2, 2);
INSERT INTO game (name, slug, year_published, bgg_rating, difficulty_rating, description, play_time, available, min_players, max_players) VALUES ('Love Letter', 'love-letter', '2006', 8.72, 1.64, 'Love Letter offers engaging gameplay with an emphasis on player interaction and replayability.', 30, 1, 2, 4);
INSERT INTO game (name, slug, year_published, bgg_rating, difficulty_rating, description, play_time, available, min_players, max_players) VALUES ('The Crew', 'the-crew', '1992', 8.82, 3.45, 'The Crew offers engaging gameplay with an emphasis on player interaction and replayability.', 45, 0, 1, 2);
INSERT INTO game (name, slug, year_published, bgg_rating, difficulty_rating, description, play_time, available, min_players, max_players) VALUES ('Chronicles of Myria', 'chronicles-of-myria', '1990', 8.3, 2.71, 'Chronicles of Myria offers engaging gameplay with an emphasis on player interaction and replayability.', 30, 1, 2, 5);
INSERT INTO game (name, slug, year_published, bgg_rating, difficulty_rating, description, play_time, available, min_players, max_players) VALUES ('Iron Dominion', 'iron-dominion', '1976', 6.3, 1.78, 'Iron Dominion offers engaging gameplay with an emphasis on player interaction and replayability.', 120, 0, 2, 8);
INSERT INTO game (name, slug, year_published, bgg_rating, difficulty_rating, description, play_time, available, min_players, max_players) VALUES ('Harvest Valley', 'harvest-valley', '2012', 7.18, 2.94, 'Harvest Valley offers engaging gameplay with an emphasis on player interaction and replayability.', 45, 1, 2, 4);
INSERT INTO game (name, slug, year_published, bgg_rating, difficulty_rating, description, play_time, available, min_players, max_players) VALUES ('Starbound Traders', 'starbound-traders', '2019', 7.45, 2.07, 'Starbound Traders offers engaging gameplay with an emphasis on player interaction and replayability.', 30, 0, 1, 4);
INSERT INTO game (name, slug, year_published, bgg_rating, difficulty_rating, description, play_time, available, min_players, max_players) VALUES ('Shadow Harbor', 'shadow-harbor', '1982', 8.38, 4.33, 'Shadow Harbor offers engaging gameplay with an emphasis on player interaction and replayability.', 120, 0, 1, 3);
INSERT INTO game (name, slug, year_published, bgg_rating, difficulty_rating, description, play_time, available, min_players, max_players) VALUES ('Elder Harbor', 'elder-harbor', '2022', 7.55, 3.54, 'Elder Harbor offers engaging gameplay with an emphasis on player interaction and replayability.', 90, 1, 1, 3);
INSERT INTO game (name, slug, year_published, bgg_rating, difficulty_rating, description, play_time, available, min_players, max_players) VALUES ('Gilded Vale', 'gilded-vale', '1993', 6.73, 1.63, 'Gilded Vale offers engaging gameplay with an emphasis on player interaction and replayability.', 20, 0, 2, 2);
INSERT INTO game (name, slug, year_published, bgg_rating, difficulty_rating, description, play_time, available, min_players, max_players) VALUES ('Aurora Expanse', 'aurora-expanse', '1978', 7.77, 3.44, 'Aurora Expanse offers engaging gameplay with an emphasis on player interaction and replayability.', 30, 1, 1, 2);
INSERT INTO game (name, slug, year_published, bgg_rating, difficulty_rating, description, play_time, available, min_players, max_players) VALUES ('Ravenfall Keep', 'ravenfall-keep', '2011', 6.91, 2.68, 'Ravenfall Keep offers engaging gameplay with an emphasis on player interaction and replayability.', 45, 0, 1, 4);
INSERT INTO game (name, slug, year_published, bgg_rating, difficulty_rating, description, play_time, available, min_players, max_players) VALUES ('Beacon of Ages', 'beacon-of-ages', '2005', 6.37, 1.23, 'Beacon of Ages offers engaging gameplay with an emphasis on player interaction and replayability.', 60, 0, 1, 3);
INSERT INTO game (name, slug, year_published, bgg_rating, difficulty_rating, description, play_time, available, min_players, max_players) VALUES ('Halcyon Fields', 'halcyon-fields', '1984', 8.6, 4.32, 'Halcyon Fields offers engaging gameplay with an emphasis on player interaction and replayability.', 20, 0, 1, 6);
INSERT INTO game (name, slug, year_published, bgg_rating, difficulty_rating, description, play_time, available, min_players, max_players) VALUES ('Briar & Blade', 'briar-&-blade', '2023', 7.33, 3.09, 'Briar & Blade offers engaging gameplay with an emphasis on player interaction and replayability.', 90, 0, 2, 5);
INSERT INTO game (name, slug, year_published, bgg_rating, difficulty_rating, description, play_time, available, min_players, max_players) VALUES ('Midnight Convoy', 'midnight-convoy', '2003', 6.95, 3.06, 'Midnight Convoy offers engaging gameplay with an emphasis on player interaction and replayability.', 60, 1, 1, 6);
INSERT INTO game (name, slug, year_published, bgg_rating, difficulty_rating, description, play_time, available, min_players, max_players) VALUES ('Verdant Crossing', 'verdant-crossing', '2022', 6.32, 3.67, 'Verdant Crossing offers engaging gameplay with an emphasis on player interaction and replayability.', 120, 0, 2, 8);
INSERT INTO game (name, slug, year_published, bgg_rating, difficulty_rating, description, play_time, available, min_players, max_players) VALUES ('Clockwork Armada', 'clockwork-armada', '1980', 6.5, 1.61, 'Clockwork Armada offers engaging gameplay with an emphasis on player interaction and replayability.', 20, 0, 1, 5);
INSERT INTO game (name, slug, year_published, bgg_rating, difficulty_rating, description, play_time, available, min_players, max_players) VALUES ('Mistshore Market', 'mistshore-market', '2003', 8.21, 2.64, 'Mistshore Market offers engaging gameplay with an emphasis on player interaction and replayability.', 20, 0, 2, 8);
INSERT INTO game (name, slug, year_published, bgg_rating, difficulty_rating, description, play_time, available, min_players, max_players) VALUES ('Obsidian Citadel', 'obsidian-citadel', '1993', 8.25, 2.59, 'Obsidian Citadel offers engaging gameplay with an emphasis on player interaction and replayability.', 120, 0, 2, 8);
INSERT INTO game (name, slug, year_published, bgg_rating, difficulty_rating, description, play_time, available, min_players, max_players) VALUES ('Emberfall', 'emberfall', '2012', 8.12, 4.27, 'Emberfall offers engaging gameplay with an emphasis on player interaction and replayability.', 60, 0, 1, 8);
INSERT INTO game (name, slug, year_published, bgg_rating, difficulty_rating, description, play_time, available, min_players, max_players) VALUES ('Sea of Echoes', 'sea-of-echoes', '1984', 8.91, 3.89, 'Sea of Echoes offers engaging gameplay with an emphasis on player interaction and replayability.', 20, 0, 1, 4);
INSERT INTO game (name, slug, year_published, bgg_rating, difficulty_rating, description, play_time, available, min_players, max_players) VALUES ('Glasswrights'' Guild', 'glasswrights-guild', '2013', 8.4, 2.99, 'Glasswrights'' Guild offers engaging gameplay with an emphasis on player interaction and replayability.', 45, 1, 1, 5);
INSERT INTO game (name, slug, year_published, bgg_rating, difficulty_rating, description, play_time, available, min_players, max_players) VALUES ('Chronicles of Aether', 'chronicles-of-aether', '2019', 6.97, 2.41, 'Chronicles of Aether offers engaging gameplay with an emphasis on player interaction and replayability.', 45, 1, 2, 2);
INSERT INTO game (name, slug, year_published, bgg_rating, difficulty_rating, description, play_time, available, min_players, max_players) VALUES ('Rise of Emberfall', 'rise-of-emberfall', '2013', 6.13, 2.51, 'Rise of Emberfall offers engaging gameplay with an emphasis on player interaction and replayability.', 45, 1, 1, 2);
INSERT INTO game (name, slug, year_published, bgg_rating, difficulty_rating, description, play_time, available, min_players, max_players) VALUES ('Kingdoms of Aether', 'kingdoms-of-aether', '1989', 9.08, 3.93, 'Kingdoms of Aether offers engaging gameplay with an emphasis on player interaction and replayability.', 90, 0, 2, 6);
INSERT INTO game (name, slug, year_published, bgg_rating, difficulty_rating, description, play_time, available, min_players, max_players) VALUES ('The Last Beacon', 'the-last-beacon', '1977', 8.44, 1.61, 'The Last Beacon offers engaging gameplay with an emphasis on player interaction and replayability.', 90, 1, 2, 3);
INSERT INTO game_designers (game_id, designer_id) VALUES (1, 14);
INSERT INTO game_designers (game_id, designer_id) VALUES (1, 16);
INSERT INTO game_artists (game_id, artists_id) VALUES (1, 16);
INSERT INTO game_artists (game_id, artists_id) VALUES (1, 12);
INSERT INTO game_genres (game_id, genre_id) VALUES (1, 6);
INSERT INTO game_designers (game_id, designer_id) VALUES (2, 6);
INSERT INTO game_artists (game_id, artists_id) VALUES (2, 16);
INSERT INTO game_genres (game_id, genre_id) VALUES (2, 7);
INSERT INTO game_designers (game_id, designer_id) VALUES (3, 18);
INSERT INTO game_artists (game_id, artists_id) VALUES (3, 3);
INSERT INTO game_genres (game_id, genre_id) VALUES (3, 6);
INSERT INTO game_designers (game_id, designer_id) VALUES (4, 13);
INSERT INTO game_artists (game_id, artists_id) VALUES (4, 1);
INSERT INTO game_genres (game_id, genre_id) VALUES (4, 9);
INSERT INTO game_genres (game_id, genre_id) VALUES (4, 8);
INSERT INTO game_designers (game_id, designer_id) VALUES (5, 7);
INSERT INTO game_artists (game_id, artists_id) VALUES (5, 20);
INSERT INTO game_genres (game_id, genre_id) VALUES (5, 11);
INSERT INTO game_genres (game_id, genre_id) VALUES (5, 8);
INSERT INTO game_designers (game_id, designer_id) VALUES (6, 7);
INSERT INTO game_artists (game_id, artists_id) VALUES (6, 5);
INSERT INTO game_genres (game_id, genre_id) VALUES (6, 8);
INSERT INTO game_genres (game_id, genre_id) VALUES (6, 12);
INSERT INTO game_genres (game_id, genre_id) VALUES (6, 2);
INSERT INTO game_designers (game_id, designer_id) VALUES (7, 20);
INSERT INTO game_artists (game_id, artists_id) VALUES (7, 6);
INSERT INTO game_genres (game_id, genre_id) VALUES (7, 1);
INSERT INTO game_designers (game_id, designer_id) VALUES (8, 3);
INSERT INTO game_artists (game_id, artists_id) VALUES (8, 4);
INSERT INTO game_genres (game_id, genre_id) VALUES (8, 2);
INSERT INTO game_designers (game_id, designer_id) VALUES (9, 5);
INSERT INTO game_artists (game_id, artists_id) VALUES (9, 10);
INSERT INTO game_genres (game_id, genre_id) VALUES (9, 5);
INSERT INTO game_designers (game_id, designer_id) VALUES (10, 16);
INSERT INTO game_artists (game_id, artists_id) VALUES (10, 8);
INSERT INTO game_artists (game_id, artists_id) VALUES (10, 15);
INSERT INTO game_genres (game_id, genre_id) VALUES (10, 7);
INSERT INTO game_designers (game_id, designer_id) VALUES (11, 20);
INSERT INTO game_artists (game_id, artists_id) VALUES (11, 5);
INSERT INTO game_genres (game_id, genre_id) VALUES (11, 5);
INSERT INTO game_genres (game_id, genre_id) VALUES (11, 7);
INSERT INTO game_designers (game_id, designer_id) VALUES (12, 17);
INSERT INTO game_artists (game_id, artists_id) VALUES (12, 1);
INSERT INTO game_genres (game_id, genre_id) VALUES (12, 5);
INSERT INTO game_designers (game_id, designer_id) VALUES (13, 19);
INSERT INTO game_artists (game_id, artists_id) VALUES (13, 16);
INSERT INTO game_artists (game_id, artists_id) VALUES (13, 5);
INSERT INTO game_genres (game_id, genre_id) VALUES (13, 8);
INSERT INTO game_designers (game_id, designer_id) VALUES (14, 18);
INSERT INTO game_artists (game_id, artists_id) VALUES (14, 13);
INSERT INTO game_genres (game_id, genre_id) VALUES (14, 6);
INSERT INTO game_designers (game_id, designer_id) VALUES (15, 8);
INSERT INTO game_designers (game_id, designer_id) VALUES (15, 19);
INSERT INTO game_artists (game_id, artists_id) VALUES (15, 14);
INSERT INTO game_genres (game_id, genre_id) VALUES (15, 12);
INSERT INTO game_designers (game_id, designer_id) VALUES (16, 13);
INSERT INTO game_artists (game_id, artists_id) VALUES (16, 5);
INSERT INTO game_genres (game_id, genre_id) VALUES (16, 1);
INSERT INTO game_designers (game_id, designer_id) VALUES (17, 19);
INSERT INTO game_artists (game_id, artists_id) VALUES (17, 4);
INSERT INTO game_genres (game_id, genre_id) VALUES (17, 8);
INSERT INTO game_genres (game_id, genre_id) VALUES (17, 2);
INSERT INTO game_designers (game_id, designer_id) VALUES (18, 15);
INSERT INTO game_artists (game_id, artists_id) VALUES (18, 5);
INSERT INTO game_genres (game_id, genre_id) VALUES (18, 11);
INSERT INTO game_designers (game_id, designer_id) VALUES (19, 3);
INSERT INTO game_designers (game_id, designer_id) VALUES (19, 16);
INSERT INTO game_artists (game_id, artists_id) VALUES (19, 9);
INSERT INTO game_genres (game_id, genre_id) VALUES (19, 12);
INSERT INTO game_designers (game_id, designer_id) VALUES (20, 3);
INSERT INTO game_artists (game_id, artists_id) VALUES (20, 18);
INSERT INTO game_genres (game_id, genre_id) VALUES (20, 6);
INSERT INTO game_designers (game_id, designer_id) VALUES (21, 16);
INSERT INTO game_artists (game_id, artists_id) VALUES (21, 2);
INSERT INTO game_genres (game_id, genre_id) VALUES (21, 4);
INSERT INTO game_genres (game_id, genre_id) VALUES (21, 11);
INSERT INTO game_designers (game_id, designer_id) VALUES (22, 10);
INSERT INTO game_artists (game_id, artists_id) VALUES (22, 3);
INSERT INTO game_artists (game_id, artists_id) VALUES (22, 14);
INSERT INTO game_genres (game_id, genre_id) VALUES (22, 11);
INSERT INTO game_genres (game_id, genre_id) VALUES (22, 2);
INSERT INTO game_genres (game_id, genre_id) VALUES (22, 8);
INSERT INTO game_designers (game_id, designer_id) VALUES (23, 10);
INSERT INTO game_artists (game_id, artists_id) VALUES (23, 2);
INSERT INTO game_artists (game_id, artists_id) VALUES (23, 11);
INSERT INTO game_genres (game_id, genre_id) VALUES (23, 5);
INSERT INTO game_genres (game_id, genre_id) VALUES (23, 6);
INSERT INTO game_designers (game_id, designer_id) VALUES (24, 5);
INSERT INTO game_artists (game_id, artists_id) VALUES (24, 14);
INSERT INTO game_genres (game_id, genre_id) VALUES (24, 3);
INSERT INTO game_designers (game_id, designer_id) VALUES (25, 3);
INSERT INTO game_artists (game_id, artists_id) VALUES (25, 13);
INSERT INTO game_genres (game_id, genre_id) VALUES (25, 4);
INSERT INTO game_genres (game_id, genre_id) VALUES (25, 8);
INSERT INTO game_designers (game_id, designer_id) VALUES (26, 5);
INSERT INTO game_designers (game_id, designer_id) VALUES (26, 8);
INSERT INTO game_artists (game_id, artists_id) VALUES (26, 9);
INSERT INTO game_genres (game_id, genre_id) VALUES (26, 11);
INSERT INTO game_designers (game_id, designer_id) VALUES (27, 15);
INSERT INTO game_artists (game_id, artists_id) VALUES (27, 18);
INSERT INTO game_artists (game_id, artists_id) VALUES (27, 6);
INSERT INTO game_genres (game_id, genre_id) VALUES (27, 6);
INSERT INTO game_designers (game_id, designer_id) VALUES (28, 10);
INSERT INTO game_designers (game_id, designer_id) VALUES (28, 14);
INSERT INTO game_artists (game_id, artists_id) VALUES (28, 15);
INSERT INTO game_genres (game_id, genre_id) VALUES (28, 4);
INSERT INTO game_genres (game_id, genre_id) VALUES (28, 7);
INSERT INTO game_designers (game_id, designer_id) VALUES (29, 4);
INSERT INTO game_designers (game_id, designer_id) VALUES (29, 8);
INSERT INTO game_artists (game_id, artists_id) VALUES (29, 12);
INSERT INTO game_genres (game_id, genre_id) VALUES (29, 12);
INSERT INTO game_designers (game_id, designer_id) VALUES (30, 13);
INSERT INTO game_artists (game_id, artists_id) VALUES (30, 19);
INSERT INTO game_genres (game_id, genre_id) VALUES (30, 12);
INSERT INTO game_genres (game_id, genre_id) VALUES (30, 1);
INSERT INTO game_designers (game_id, designer_id) VALUES (31, 16);
INSERT INTO game_designers (game_id, designer_id) VALUES (31, 10);
INSERT INTO game_artists (game_id, artists_id) VALUES (31, 8);
INSERT INTO game_genres (game_id, genre_id) VALUES (31, 6);
INSERT INTO game_genres (game_id, genre_id) VALUES (31, 4);
INSERT INTO game_designers (game_id, designer_id) VALUES (32, 20);
INSERT INTO game_artists (game_id, artists_id) VALUES (32, 5);
INSERT INTO game_genres (game_id, genre_id) VALUES (32, 11);
INSERT INTO game_genres (game_id, genre_id) VALUES (32, 12);
INSERT INTO game_designers (game_id, designer_id) VALUES (33, 15);
INSERT INTO game_artists (game_id, artists_id) VALUES (33, 12);
INSERT INTO game_genres (game_id, genre_id) VALUES (33, 2);
INSERT INTO game_genres (game_id, genre_id) VALUES (33, 5);
INSERT INTO game_designers (game_id, designer_id) VALUES (34, 14);
INSERT INTO game_artists (game_id, artists_id) VALUES (34, 5);
INSERT INTO game_genres (game_id, genre_id) VALUES (34, 6);
INSERT INTO game_genres (game_id, genre_id) VALUES (34, 9);
INSERT INTO game_designers (game_id, designer_id) VALUES (35, 9);
INSERT INTO game_artists (game_id, artists_id) VALUES (35, 9);
INSERT INTO game_genres (game_id, genre_id) VALUES (35, 8);
INSERT INTO game_genres (game_id, genre_id) VALUES (35, 5);
INSERT INTO game_genres (game_id, genre_id) VALUES (35, 6);
INSERT INTO game_designers (game_id, designer_id) VALUES (36, 15);
INSERT INTO game_artists (game_id, artists_id) VALUES (36, 5);
INSERT INTO game_artists (game_id, artists_id) VALUES (36, 8);
INSERT INTO game_genres (game_id, genre_id) VALUES (36, 12);
INSERT INTO game_genres (game_id, genre_id) VALUES (36, 11);
INSERT INTO game_designers (game_id, designer_id) VALUES (37, 18);
INSERT INTO game_designers (game_id, designer_id) VALUES (37, 12);
INSERT INTO game_artists (game_id, artists_id) VALUES (37, 13);
INSERT INTO game_genres (game_id, genre_id) VALUES (37, 9);
INSERT INTO game_designers (game_id, designer_id) VALUES (38, 12);
INSERT INTO game_artists (game_id, artists_id) VALUES (38, 9);
INSERT INTO game_genres (game_id, genre_id) VALUES (38, 11);
INSERT INTO game_designers (game_id, designer_id) VALUES (39, 4);
INSERT INTO game_designers (game_id, designer_id) VALUES (39, 8);
INSERT INTO game_artists (game_id, artists_id) VALUES (39, 20);
INSERT INTO game_genres (game_id, genre_id) VALUES (39, 9);
INSERT INTO game_genres (game_id, genre_id) VALUES (39, 6);
INSERT INTO game_designers (game_id, designer_id) VALUES (40, 8);
INSERT INTO game_designers (game_id, designer_id) VALUES (40, 3);
INSERT INTO game_artists (game_id, artists_id) VALUES (40, 15);
INSERT INTO game_genres (game_id, genre_id) VALUES (40, 5);
INSERT INTO game_genres (game_id, genre_id) VALUES (40, 11);
INSERT INTO game_genres (game_id, genre_id) VALUES (40, 7);
INSERT INTO game_designers (game_id, designer_id) VALUES (41, 2);
INSERT INTO game_artists (game_id, artists_id) VALUES (41, 10);
INSERT INTO game_artists (game_id, artists_id) VALUES (41, 16);
INSERT INTO game_genres (game_id, genre_id) VALUES (41, 4);
INSERT INTO game_designers (game_id, designer_id) VALUES (42, 5);
INSERT INTO game_designers (game_id, designer_id) VALUES (42, 13);
INSERT INTO game_artists (game_id, artists_id) VALUES (42, 18);
INSERT INTO game_genres (game_id, genre_id) VALUES (42, 12);
INSERT INTO game_designers (game_id, designer_id) VALUES (43, 14);
INSERT INTO game_artists (game_id, artists_id) VALUES (43, 16);
INSERT INTO game_genres (game_id, genre_id) VALUES (43, 5);
INSERT INTO game_genres (game_id, genre_id) VALUES (43, 1);
INSERT INTO game_designers (game_id, designer_id) VALUES (44, 7);
INSERT INTO game_artists (game_id, artists_id) VALUES (44, 8);
INSERT INTO game_genres (game_id, genre_id) VALUES (44, 2);
INSERT INTO game_genres (game_id, genre_id) VALUES (44, 11);
INSERT INTO game_designers (game_id, designer_id) VALUES (45, 12);
INSERT INTO game_artists (game_id, artists_id) VALUES (45, 9);
INSERT INTO game_genres (game_id, genre_id) VALUES (45, 2);
INSERT INTO game_designers (game_id, designer_id) VALUES (46, 15);
INSERT INTO game_designers (game_id, designer_id) VALUES (46, 3);
INSERT INTO game_artists (game_id, artists_id) VALUES (46, 20);
INSERT INTO game_genres (game_id, genre_id) VALUES (46, 1);
INSERT INTO game_genres (game_id, genre_id) VALUES (46, 6);
INSERT INTO game_genres (game_id, genre_id) VALUES (46, 4);
INSERT INTO game_designers (game_id, designer_id) VALUES (47, 19);
INSERT INTO game_designers (game_id, designer_id) VALUES (47, 7);
INSERT INTO game_artists (game_id, artists_id) VALUES (47, 18);
INSERT INTO game_genres (game_id, genre_id) VALUES (47, 4);
INSERT INTO game_designers (game_id, designer_id) VALUES (48, 8);
INSERT INTO game_artists (game_id, artists_id) VALUES (48, 5);
INSERT INTO game_genres (game_id, genre_id) VALUES (48, 10);
INSERT INTO game_genres (game_id, genre_id) VALUES (48, 1);
INSERT INTO game_designers (game_id, designer_id) VALUES (49, 5);
INSERT INTO game_artists (game_id, artists_id) VALUES (49, 18);
INSERT INTO game_artists (game_id, artists_id) VALUES (49, 9);
INSERT INTO game_genres (game_id, genre_id) VALUES (49, 2);
INSERT INTO game_genres (game_id, genre_id) VALUES (49, 11);
INSERT INTO review (id, title, text, star_amount, user_id) VALUES (1, 'Highly recommend', 'Excellent thematic immersion and clever mechanics.', 5, 17);
INSERT INTO game_reviews (game_id, review_id) VALUES (1, 1);
INSERT INTO review (id, title, text, star_amount, user_id) VALUES (2, 'Not for me', 'An absolute delight — tight mechanics and excellent pacing.', 5, 42);
INSERT INTO game_reviews (game_id, review_id) VALUES (1, 2);
INSERT INTO review (id, title, text, star_amount, user_id) VALUES (3, 'Good but flawed', 'Beautiful components and a rewarding engine. Setup takes a bit, but it''s worth it.', 3, 17);
INSERT INTO game_reviews (game_id, review_id) VALUES (1, 3);
INSERT INTO review (id, title, text, star_amount, user_id) VALUES (4, 'Good but flawed', 'Not for me — too fiddly and heavy bookkeeping.', 3, 58);
INSERT INTO game_reviews (game_id, review_id) VALUES (2, 4);
INSERT INTO review (id, title, text, star_amount, user_id) VALUES (5, 'Great addition', 'Solid family game; quick rounds and easy to teach.', 5, 65);
INSERT INTO game_reviews (game_id, review_id) VALUES (2, 5);
INSERT INTO review (id, title, text, star_amount, user_id) VALUES (6, 'Great addition', 'An absolute delight — tight mechanics and excellent pacing.', 4, 39);
INSERT INTO game_reviews (game_id, review_id) VALUES (2, 6);
INSERT INTO review (id, title, text, star_amount, user_id) VALUES (7, 'Replayable gem', 'Beautiful components and a rewarding engine. Setup takes a bit, but it''s worth it.', 3, 62);
INSERT INTO game_reviews (game_id, review_id) VALUES (2, 7);
INSERT INTO review (id, title, text, star_amount, user_id) VALUES (8, 'Good but flawed', 'Beautiful components and a rewarding engine. Setup takes a bit, but it''s worth it.', 2, 92);
INSERT INTO game_reviews (game_id, review_id) VALUES (3, 8);
INSERT INTO review (id, title, text, star_amount, user_id) VALUES (9, 'Good but flawed', 'Everything clicks: theme, art, and gameplay work together wonderfully.', 4, 42);
INSERT INTO game_reviews (game_id, review_id) VALUES (3, 9);
INSERT INTO review (id, title, text, star_amount, user_id) VALUES (10, 'Solid experience', 'A masterpiece for engine builders; replayability is excellent.', 4, 36);
INSERT INTO game_reviews (game_id, review_id) VALUES (3, 10);
INSERT INTO review (id, title, text, star_amount, user_id) VALUES (11, 'Overhyped', 'Solid family game; quick rounds and easy to teach.', 4, 77);
INSERT INTO game_reviews (game_id, review_id) VALUES (3, 11);
INSERT INTO review (id, title, text, star_amount, user_id) VALUES (12, 'Good but flawed', 'Solid family game; quick rounds and easy to teach.', 5, 56);
INSERT INTO game_reviews (game_id, review_id) VALUES (4, 12);
INSERT INTO review (id, title, text, star_amount, user_id) VALUES (13, 'Replayable gem', 'Not for me — too fiddly and heavy bookkeeping.', 2, 93);
INSERT INTO game_reviews (game_id, review_id) VALUES (4, 13);
INSERT INTO review (id, title, text, star_amount, user_id) VALUES (14, 'Overhyped', 'A masterpiece for engine builders; replayability is excellent.', 4, 30);
INSERT INTO game_reviews (game_id, review_id) VALUES (4, 14);
INSERT INTO review (id, title, text, star_amount, user_id) VALUES (15, 'Solid experience', 'A masterpiece for engine builders; replayability is excellent.', 3, 54);
INSERT INTO game_reviews (game_id, review_id) VALUES (4, 15);
INSERT INTO review (id, title, text, star_amount, user_id) VALUES (16, 'Solid experience', 'Everything clicks: theme, art, and gameplay work together wonderfully.', 3, 41);
INSERT INTO game_reviews (game_id, review_id) VALUES (4, 16);
INSERT INTO review (id, title, text, star_amount, user_id) VALUES (17, 'Good but flawed', 'Beautiful components and a rewarding engine. Setup takes a bit, but it''s worth it.', 5, 61);
INSERT INTO game_reviews (game_id, review_id) VALUES (5, 17);
INSERT INTO review (id, title, text, star_amount, user_id) VALUES (18, 'Solid experience', 'Everything clicks: theme, art, and gameplay work together wonderfully.', 5, 56);
INSERT INTO game_reviews (game_id, review_id) VALUES (5, 18);
INSERT INTO review (id, title, text, star_amount, user_id) VALUES (19, 'Solid experience', 'Beautiful components and a rewarding engine. Setup takes a bit, but it''s worth it.', 5, 72);
INSERT INTO game_reviews (game_id, review_id) VALUES (5, 19);
INSERT INTO review (id, title, text, star_amount, user_id) VALUES (20, 'Replayable gem', 'An absolute delight — tight mechanics and excellent pacing.', 4, 53);
INSERT INTO game_reviews (game_id, review_id) VALUES (5, 20);
INSERT INTO review (id, title, text, star_amount, user_id) VALUES (21, 'Solid experience', 'Beautiful components and a rewarding engine. Setup takes a bit, but it''s worth it.', 4, 37);
INSERT INTO game_reviews (game_id, review_id) VALUES (5, 21);
INSERT INTO review (id, title, text, star_amount, user_id) VALUES (22, 'Overhyped', 'Great ideas, but sometimes luck swings too hard depending on player count.', 5, 65);
INSERT INTO game_reviews (game_id, review_id) VALUES (6, 22);
INSERT INTO review (id, title, text, star_amount, user_id) VALUES (23, 'Solid experience', 'Beautiful components and a rewarding engine. Setup takes a bit, but it''s worth it.', 4, 14);
INSERT INTO game_reviews (game_id, review_id) VALUES (6, 23);
INSERT INTO review (id, title, text, star_amount, user_id) VALUES (24, 'Highly recommend', 'A masterpiece for engine builders; replayability is excellent.', 5, 98);
INSERT INTO game_reviews (game_id, review_id) VALUES (6, 24);
INSERT INTO review (id, title, text, star_amount, user_id) VALUES (25, 'Great addition', 'Excellent thematic immersion and clever mechanics.', 1, 72);
INSERT INTO game_reviews (game_id, review_id) VALUES (6, 25);
INSERT INTO review (id, title, text, star_amount, user_id) VALUES (26, 'Not for me', 'An absolute delight — tight mechanics and excellent pacing.', 3, 85);
INSERT INTO game_reviews (game_id, review_id) VALUES (6, 26);
INSERT INTO review (id, title, text, star_amount, user_id) VALUES (27, 'Not for me', 'Fun with the right group, but the learning curve is steep for casual players.', 3, 35);
INSERT INTO game_reviews (game_id, review_id) VALUES (7, 27);
INSERT INTO review (id, title, text, star_amount, user_id) VALUES (28, 'Mixed feelings', 'Excellent thematic immersion and clever mechanics.', 5, 45);
INSERT INTO game_reviews (game_id, review_id) VALUES (7, 28);
INSERT INTO review (id, title, text, star_amount, user_id) VALUES (29, 'Mixed feelings', 'An absolute delight — tight mechanics and excellent pacing.', 4, 85);
INSERT INTO game_reviews (game_id, review_id) VALUES (7, 29);
INSERT INTO review (id, title, text, star_amount, user_id) VALUES (30, 'Replayable gem', 'A masterpiece for engine builders; replayability is excellent.', 4, 96);
INSERT INTO game_reviews (game_id, review_id) VALUES (8, 30);
INSERT INTO review (id, title, text, star_amount, user_id) VALUES (31, 'Solid experience', 'I wanted to like it, but repeated turns felt a bit slow for my group.', 5, 59);
INSERT INTO game_reviews (game_id, review_id) VALUES (8, 31);
INSERT INTO review (id, title, text, star_amount, user_id) VALUES (32, 'Good but flawed', 'An absolute delight — tight mechanics and excellent pacing.', 5, 93);
INSERT INTO game_reviews (game_id, review_id) VALUES (8, 32);
INSERT INTO review (id, title, text, star_amount, user_id) VALUES (33, 'Great addition', 'Beautiful components and a rewarding engine. Setup takes a bit, but it''s worth it.', 3, 21);
INSERT INTO game_reviews (game_id, review_id) VALUES (9, 33);
INSERT INTO review (id, title, text, star_amount, user_id) VALUES (34, 'Replayable gem', 'Not for me — too fiddly and heavy bookkeeping.', 4, 35);
INSERT INTO game_reviews (game_id, review_id) VALUES (9, 34);
INSERT INTO review (id, title, text, star_amount, user_id) VALUES (35, 'Not for me', 'Great ideas, but sometimes luck swings too hard depending on player count.', 4, 78);
INSERT INTO game_reviews (game_id, review_id) VALUES (9, 35);
INSERT INTO review (id, title, text, star_amount, user_id) VALUES (36, 'Good but flawed', 'I wanted to like it, but repeated turns felt a bit slow for my group.', 5, 15);
INSERT INTO game_reviews (game_id, review_id) VALUES (10, 36);
INSERT INTO review (id, title, text, star_amount, user_id) VALUES (37, 'Overhyped', 'Solid family game; quick rounds and easy to teach.', 3, 87);
INSERT INTO game_reviews (game_id, review_id) VALUES (10, 37);
INSERT INTO review (id, title, text, star_amount, user_id) VALUES (38, 'Highly recommend', 'A masterpiece for engine builders; replayability is excellent.', 5, 86);
INSERT INTO game_reviews (game_id, review_id) VALUES (10, 38);
INSERT INTO review (id, title, text, star_amount, user_id) VALUES (39, 'Highly recommend', 'I wanted to like it, but repeated turns felt a bit slow for my group.', 5, 77);
INSERT INTO game_reviews (game_id, review_id) VALUES (10, 39);
INSERT INTO review (id, title, text, star_amount, user_id) VALUES (40, 'Not for me', 'I wanted to like it, but repeated turns felt a bit slow for my group.', 3, 28);
INSERT INTO game_reviews (game_id, review_id) VALUES (10, 40);
INSERT INTO review (id, title, text, star_amount, user_id) VALUES (41, 'Replayable gem', 'Everything clicks: theme, art, and gameplay work together wonderfully.', 5, 16);
INSERT INTO game_reviews (game_id, review_id) VALUES (11, 41);
INSERT INTO review (id, title, text, star_amount, user_id) VALUES (42, 'Highly recommend', 'Solid family game; quick rounds and easy to teach.', 4, 17);
INSERT INTO game_reviews (game_id, review_id) VALUES (11, 42);
INSERT INTO review (id, title, text, star_amount, user_id) VALUES (43, 'Solid experience', 'Beautiful components and a rewarding engine. Setup takes a bit, but it''s worth it.', 3, 72);
INSERT INTO game_reviews (game_id, review_id) VALUES (11, 43);
INSERT INTO review (id, title, text, star_amount, user_id) VALUES (44, 'Great addition', 'A masterpiece for engine builders; replayability is excellent.', 2, 51);
INSERT INTO game_reviews (game_id, review_id) VALUES (11, 44);
INSERT INTO review (id, title, text, star_amount, user_id) VALUES (45, 'Solid experience', 'Excellent thematic immersion and clever mechanics.', 2, 59);
INSERT INTO game_reviews (game_id, review_id) VALUES (12, 45);
INSERT INTO review (id, title, text, star_amount, user_id) VALUES (46, 'Replayable gem', 'I wanted to like it, but repeated turns felt a bit slow for my group.', 4, 55);
INSERT INTO game_reviews (game_id, review_id) VALUES (12, 46);
INSERT INTO review (id, title, text, star_amount, user_id) VALUES (47, 'Solid experience', 'Everything clicks: theme, art, and gameplay work together wonderfully.', 4, 15);
INSERT INTO game_reviews (game_id, review_id) VALUES (12, 47);
INSERT INTO review (id, title, text, star_amount, user_id) VALUES (48, 'Solid experience', 'Beautiful components and a rewarding engine. Setup takes a bit, but it''s worth it.', 3, 59);
INSERT INTO game_reviews (game_id, review_id) VALUES (13, 48);
INSERT INTO review (id, title, text, star_amount, user_id) VALUES (49, 'Highly recommend', 'A masterpiece for engine builders; replayability is excellent.', 3, 56);
INSERT INTO game_reviews (game_id, review_id) VALUES (13, 49);
INSERT INTO review (id, title, text, star_amount, user_id) VALUES (50, 'Good but flawed', 'A masterpiece for engine builders; replayability is excellent.', 4, 76);
INSERT INTO game_reviews (game_id, review_id) VALUES (13, 50);
INSERT INTO review (id, title, text, star_amount, user_id) VALUES (51, 'Highly recommend', 'Fun with the right group, but the learning curve is steep for casual players.', 3, 40);
INSERT INTO game_reviews (game_id, review_id) VALUES (13, 51);
INSERT INTO review (id, title, text, star_amount, user_id) VALUES (52, 'Good but flawed', 'Solid family game; quick rounds and easy to teach.', 5, 100);
INSERT INTO game_reviews (game_id, review_id) VALUES (13, 52);
INSERT INTO review (id, title, text, star_amount, user_id) VALUES (53, 'Solid experience', 'Fun with the right group, but the learning curve is steep for casual players.', 2, 25);
INSERT INTO game_reviews (game_id, review_id) VALUES (14, 53);
INSERT INTO review (id, title, text, star_amount, user_id) VALUES (54, 'Mixed feelings', 'Great ideas, but sometimes luck swings too hard depending on player count.', 1, 94);
INSERT INTO game_reviews (game_id, review_id) VALUES (14, 54);
INSERT INTO review (id, title, text, star_amount, user_id) VALUES (55, 'Highly recommend', 'Everything clicks: theme, art, and gameplay work together wonderfully.', 5, 14);
INSERT INTO game_reviews (game_id, review_id) VALUES (14, 55);
INSERT INTO review (id, title, text, star_amount, user_id) VALUES (56, 'Good but flawed', 'Everything clicks: theme, art, and gameplay work together wonderfully.', 5, 78);
INSERT INTO game_reviews (game_id, review_id) VALUES (14, 56);
INSERT INTO review (id, title, text, star_amount, user_id) VALUES (57, 'Overhyped', 'Excellent thematic immersion and clever mechanics.', 4, 99);
INSERT INTO game_reviews (game_id, review_id) VALUES (14, 57);
INSERT INTO review (id, title, text, star_amount, user_id) VALUES (58, 'Solid experience', 'Fun with the right group, but the learning curve is steep for casual players.', 3, 58);
INSERT INTO game_reviews (game_id, review_id) VALUES (15, 58);
INSERT INTO review (id, title, text, star_amount, user_id) VALUES (59, 'Overhyped', 'Not for me — too fiddly and heavy bookkeeping.', 4, 20);
INSERT INTO game_reviews (game_id, review_id) VALUES (15, 59);
INSERT INTO review (id, title, text, star_amount, user_id) VALUES (60, 'Not for me', 'Excellent thematic immersion and clever mechanics.', 5, 81);
INSERT INTO game_reviews (game_id, review_id) VALUES (15, 60);
INSERT INTO review (id, title, text, star_amount, user_id) VALUES (61, 'Good but flawed', 'I wanted to like it, but repeated turns felt a bit slow for my group.', 4, 8);
INSERT INTO game_reviews (game_id, review_id) VALUES (15, 61);
INSERT INTO review (id, title, text, star_amount, user_id) VALUES (62, 'Great addition', 'Fun with the right group, but the learning curve is steep for casual players.', 4, 60);
INSERT INTO game_reviews (game_id, review_id) VALUES (15, 62);
INSERT INTO review (id, title, text, star_amount, user_id) VALUES (63, 'Good but flawed', 'Excellent thematic immersion and clever mechanics.', 4, 10);
INSERT INTO game_reviews (game_id, review_id) VALUES (16, 63);
INSERT INTO review (id, title, text, star_amount, user_id) VALUES (64, 'Overhyped', 'Excellent thematic immersion and clever mechanics.', 4, 77);
INSERT INTO game_reviews (game_id, review_id) VALUES (16, 64);
INSERT INTO review (id, title, text, star_amount, user_id) VALUES (65, 'Great addition', 'Not for me — too fiddly and heavy bookkeeping.', 1, 71);
INSERT INTO game_reviews (game_id, review_id) VALUES (16, 65);
INSERT INTO review (id, title, text, star_amount, user_id) VALUES (66, 'Solid experience', 'Excellent thematic immersion and clever mechanics.', 3, 74);
INSERT INTO game_reviews (game_id, review_id) VALUES (16, 66);
INSERT INTO review (id, title, text, star_amount, user_id) VALUES (67, 'Great addition', 'Not for me — too fiddly and heavy bookkeeping.', 5, 65);
INSERT INTO game_reviews (game_id, review_id) VALUES (17, 67);
INSERT INTO review (id, title, text, star_amount, user_id) VALUES (68, 'Solid experience', 'Beautiful components and a rewarding engine. Setup takes a bit, but it''s worth it.', 3, 14);
INSERT INTO game_reviews (game_id, review_id) VALUES (17, 68);
INSERT INTO review (id, title, text, star_amount, user_id) VALUES (69, 'Great addition', 'Great ideas, but sometimes luck swings too hard depending on player count.', 4, 65);
INSERT INTO game_reviews (game_id, review_id) VALUES (17, 69);
INSERT INTO review (id, title, text, star_amount, user_id) VALUES (70, 'Overhyped', 'Solid family game; quick rounds and easy to teach.', 4, 91);
INSERT INTO game_reviews (game_id, review_id) VALUES (17, 70);
INSERT INTO review (id, title, text, star_amount, user_id) VALUES (71, 'Solid experience', 'I wanted to like it, but repeated turns felt a bit slow for my group.', 5, 79);
INSERT INTO game_reviews (game_id, review_id) VALUES (18, 71);
INSERT INTO review (id, title, text, star_amount, user_id) VALUES (72, 'Solid experience', 'Excellent thematic immersion and clever mechanics.', 4, 50);
INSERT INTO game_reviews (game_id, review_id) VALUES (18, 72);
INSERT INTO review (id, title, text, star_amount, user_id) VALUES (73, 'Solid experience', 'Beautiful components and a rewarding engine. Setup takes a bit, but it''s worth it.', 3, 7);
INSERT INTO game_reviews (game_id, review_id) VALUES (18, 73);
INSERT INTO review (id, title, text, star_amount, user_id) VALUES (74, 'Replayable gem', 'I wanted to like it, but repeated turns felt a bit slow for my group.', 5, 43);
INSERT INTO game_reviews (game_id, review_id) VALUES (18, 74);
INSERT INTO review (id, title, text, star_amount, user_id) VALUES (75, 'Mixed feelings', 'Fun with the right group, but the learning curve is steep for casual players.', 3, 33);
INSERT INTO game_reviews (game_id, review_id) VALUES (18, 75);
INSERT INTO review (id, title, text, star_amount, user_id) VALUES (76, 'Solid experience', 'I wanted to like it, but repeated turns felt a bit slow for my group.', 3, 75);
INSERT INTO game_reviews (game_id, review_id) VALUES (19, 76);
INSERT INTO review (id, title, text, star_amount, user_id) VALUES (77, 'Replayable gem', 'Everything clicks: theme, art, and gameplay work together wonderfully.', 3, 84);
INSERT INTO game_reviews (game_id, review_id) VALUES (19, 77);
INSERT INTO review (id, title, text, star_amount, user_id) VALUES (78, 'Good but flawed', 'I wanted to like it, but repeated turns felt a bit slow for my group.', 3, 77);
INSERT INTO game_reviews (game_id, review_id) VALUES (19, 78);
INSERT INTO review (id, title, text, star_amount, user_id) VALUES (79, 'Solid experience', 'Everything clicks: theme, art, and gameplay work together wonderfully.', 4, 49);
INSERT INTO game_reviews (game_id, review_id) VALUES (20, 79);
INSERT INTO review (id, title, text, star_amount, user_id) VALUES (80, 'Good but flawed', 'A masterpiece for engine builders; replayability is excellent.', 3, 86);
INSERT INTO game_reviews (game_id, review_id) VALUES (20, 80);
INSERT INTO review (id, title, text, star_amount, user_id) VALUES (81, 'Solid experience', 'I wanted to like it, but repeated turns felt a bit slow for my group.', 4, 66);
INSERT INTO game_reviews (game_id, review_id) VALUES (20, 81);
INSERT INTO review (id, title, text, star_amount, user_id) VALUES (82, 'Solid experience', 'Not for me — too fiddly and heavy bookkeeping.', 1, 24);
INSERT INTO game_reviews (game_id, review_id) VALUES (20, 82);
INSERT INTO review (id, title, text, star_amount, user_id) VALUES (83, 'Mixed feelings', 'Everything clicks: theme, art, and gameplay work together wonderfully.', 5, 25);
INSERT INTO game_reviews (game_id, review_id) VALUES (20, 83);
INSERT INTO review (id, title, text, star_amount, user_id) VALUES (84, 'Good but flawed', 'Solid family game; quick rounds and easy to teach.', 3, 38);
INSERT INTO game_reviews (game_id, review_id) VALUES (21, 84);
INSERT INTO review (id, title, text, star_amount, user_id) VALUES (85, 'Great addition', 'Fun with the right group, but the learning curve is steep for casual players.', 4, 99);
INSERT INTO game_reviews (game_id, review_id) VALUES (21, 85);
INSERT INTO review (id, title, text, star_amount, user_id) VALUES (86, 'Replayable gem', 'Everything clicks: theme, art, and gameplay work together wonderfully.', 4, 99);
INSERT INTO game_reviews (game_id, review_id) VALUES (21, 86);
INSERT INTO review (id, title, text, star_amount, user_id) VALUES (87, 'Mixed feelings', 'Not for me — too fiddly and heavy bookkeeping.', 3, 24);
INSERT INTO game_reviews (game_id, review_id) VALUES (22, 87);
INSERT INTO review (id, title, text, star_amount, user_id) VALUES (88, 'Highly recommend', 'Not for me — too fiddly and heavy bookkeeping.', 4, 6);
INSERT INTO game_reviews (game_id, review_id) VALUES (22, 88);
INSERT INTO review (id, title, text, star_amount, user_id) VALUES (89, 'Overhyped', 'Great ideas, but sometimes luck swings too hard depending on player count.', 5, 79);
INSERT INTO game_reviews (game_id, review_id) VALUES (22, 89);
INSERT INTO review (id, title, text, star_amount, user_id) VALUES (90, 'Overhyped', 'Great ideas, but sometimes luck swings too hard depending on player count.', 5, 31);
INSERT INTO game_reviews (game_id, review_id) VALUES (23, 90);
INSERT INTO review (id, title, text, star_amount, user_id) VALUES (91, 'Overhyped', 'Not for me — too fiddly and heavy bookkeeping.', 3, 48);
INSERT INTO game_reviews (game_id, review_id) VALUES (23, 91);
INSERT INTO review (id, title, text, star_amount, user_id) VALUES (92, 'Replayable gem', 'Solid family game; quick rounds and easy to teach.', 5, 99);
INSERT INTO game_reviews (game_id, review_id) VALUES (23, 92);
INSERT INTO review (id, title, text, star_amount, user_id) VALUES (93, 'Mixed feelings', 'Great ideas, but sometimes luck swings too hard depending on player count.', 4, 68);
INSERT INTO game_reviews (game_id, review_id) VALUES (23, 93);
INSERT INTO review (id, title, text, star_amount, user_id) VALUES (94, 'Not for me', 'An absolute delight — tight mechanics and excellent pacing.', 5, 78);
INSERT INTO game_reviews (game_id, review_id) VALUES (23, 94);
INSERT INTO review (id, title, text, star_amount, user_id) VALUES (95, 'Good but flawed', 'Solid family game; quick rounds and easy to teach.', 2, 62);
INSERT INTO game_reviews (game_id, review_id) VALUES (24, 95);
INSERT INTO review (id, title, text, star_amount, user_id) VALUES (96, 'Mixed feelings', 'I wanted to like it, but repeated turns felt a bit slow for my group.', 5, 16);
INSERT INTO game_reviews (game_id, review_id) VALUES (24, 96);
INSERT INTO review (id, title, text, star_amount, user_id) VALUES (97, 'Mixed feelings', 'A masterpiece for engine builders; replayability is excellent.', 2, 58);
INSERT INTO game_reviews (game_id, review_id) VALUES (24, 97);
INSERT INTO review (id, title, text, star_amount, user_id) VALUES (98, 'Highly recommend', 'Not for me — too fiddly and heavy bookkeeping.', 2, 12);
INSERT INTO game_reviews (game_id, review_id) VALUES (24, 98);
INSERT INTO review (id, title, text, star_amount, user_id) VALUES (99, 'Replayable gem', 'An absolute delight — tight mechanics and excellent pacing.', 2, 45);
INSERT INTO game_reviews (game_id, review_id) VALUES (24, 99);
INSERT INTO review (id, title, text, star_amount, user_id) VALUES (100, 'Replayable gem', 'Beautiful components and a rewarding engine. Setup takes a bit, but it''s worth it.', 4, 65);
INSERT INTO game_reviews (game_id, review_id) VALUES (25, 100);
INSERT INTO review (id, title, text, star_amount, user_id) VALUES (101, 'Solid experience', 'Beautiful components and a rewarding engine. Setup takes a bit, but it''s worth it.', 5, 48);
INSERT INTO game_reviews (game_id, review_id) VALUES (25, 101);
INSERT INTO review (id, title, text, star_amount, user_id) VALUES (102, 'Mixed feelings', 'Everything clicks: theme, art, and gameplay work together wonderfully.', 4, 92);
INSERT INTO game_reviews (game_id, review_id) VALUES (25, 102);
INSERT INTO review (id, title, text, star_amount, user_id) VALUES (103, 'Overhyped', 'Everything clicks: theme, art, and gameplay work together wonderfully.', 5, 5);
INSERT INTO game_reviews (game_id, review_id) VALUES (25, 103);
INSERT INTO review (id, title, text, star_amount, user_id) VALUES (104, 'Great addition', 'Beautiful components and a rewarding engine. Setup takes a bit, but it''s worth it.', 4, 61);
INSERT INTO game_reviews (game_id, review_id) VALUES (26, 104);
INSERT INTO review (id, title, text, star_amount, user_id) VALUES (105, 'Mixed feelings', 'Solid family game; quick rounds and easy to teach.', 5, 3);
INSERT INTO game_reviews (game_id, review_id) VALUES (26, 105);
INSERT INTO review (id, title, text, star_amount, user_id) VALUES (106, 'Replayable gem', 'Beautiful components and a rewarding engine. Setup takes a bit, but it''s worth it.', 4, 94);
INSERT INTO game_reviews (game_id, review_id) VALUES (26, 106);
INSERT INTO review (id, title, text, star_amount, user_id) VALUES (107, 'Not for me', 'Beautiful components and a rewarding engine. Setup takes a bit, but it''s worth it.', 5, 100);
INSERT INTO game_reviews (game_id, review_id) VALUES (26, 107);
INSERT INTO review (id, title, text, star_amount, user_id) VALUES (108, 'Overhyped', 'Beautiful components and a rewarding engine. Setup takes a bit, but it''s worth it.', 5, 7);
INSERT INTO game_reviews (game_id, review_id) VALUES (26, 108);
INSERT INTO review (id, title, text, star_amount, user_id) VALUES (109, 'Great addition', 'Solid family game; quick rounds and easy to teach.', 4, 64);
INSERT INTO game_reviews (game_id, review_id) VALUES (27, 109);
INSERT INTO review (id, title, text, star_amount, user_id) VALUES (110, 'Mixed feelings', 'I wanted to like it, but repeated turns felt a bit slow for my group.', 5, 74);
INSERT INTO game_reviews (game_id, review_id) VALUES (27, 110);
INSERT INTO review (id, title, text, star_amount, user_id) VALUES (111, 'Solid experience', 'Great ideas, but sometimes luck swings too hard depending on player count.', 5, 55);
INSERT INTO game_reviews (game_id, review_id) VALUES (27, 111);
INSERT INTO review (id, title, text, star_amount, user_id) VALUES (112, 'Good but flawed', 'Solid family game; quick rounds and easy to teach.', 5, 54);
INSERT INTO game_reviews (game_id, review_id) VALUES (28, 112);
INSERT INTO review (id, title, text, star_amount, user_id) VALUES (113, 'Great addition', 'A masterpiece for engine builders; replayability is excellent.', 5, 47);
INSERT INTO game_reviews (game_id, review_id) VALUES (28, 113);
INSERT INTO review (id, title, text, star_amount, user_id) VALUES (114, 'Replayable gem', 'Fun with the right group, but the learning curve is steep for casual players.', 5, 61);
INSERT INTO game_reviews (game_id, review_id) VALUES (28, 114);
INSERT INTO review (id, title, text, star_amount, user_id) VALUES (115, 'Solid experience', 'Beautiful components and a rewarding engine. Setup takes a bit, but it''s worth it.', 3, 33);
INSERT INTO game_reviews (game_id, review_id) VALUES (28, 115);
INSERT INTO review (id, title, text, star_amount, user_id) VALUES (116, 'Good but flawed', 'Excellent thematic immersion and clever mechanics.', 5, 45);
INSERT INTO game_reviews (game_id, review_id) VALUES (28, 116);
INSERT INTO review (id, title, text, star_amount, user_id) VALUES (117, 'Great addition', 'Fun with the right group, but the learning curve is steep for casual players.', 5, 97);
INSERT INTO game_reviews (game_id, review_id) VALUES (29, 117);
INSERT INTO review (id, title, text, star_amount, user_id) VALUES (118, 'Mixed feelings', 'Not for me — too fiddly and heavy bookkeeping.', 5, 70);
INSERT INTO game_reviews (game_id, review_id) VALUES (29, 118);
INSERT INTO review (id, title, text, star_amount, user_id) VALUES (119, 'Mixed feelings', 'Everything clicks: theme, art, and gameplay work together wonderfully.', 4, 90);
INSERT INTO game_reviews (game_id, review_id) VALUES (29, 119);
INSERT INTO review (id, title, text, star_amount, user_id) VALUES (120, 'Overhyped', 'An absolute delight — tight mechanics and excellent pacing.', 3, 9);
INSERT INTO game_reviews (game_id, review_id) VALUES (29, 120);
INSERT INTO review (id, title, text, star_amount, user_id) VALUES (121, 'Highly recommend', 'An absolute delight — tight mechanics and excellent pacing.', 5, 38);
INSERT INTO game_reviews (game_id, review_id) VALUES (29, 121);
INSERT INTO review (id, title, text, star_amount, user_id) VALUES (122, 'Overhyped', 'I wanted to like it, but repeated turns felt a bit slow for my group.', 4, 40);
INSERT INTO game_reviews (game_id, review_id) VALUES (30, 122);
INSERT INTO review (id, title, text, star_amount, user_id) VALUES (123, 'Highly recommend', 'I wanted to like it, but repeated turns felt a bit slow for my group.', 3, 5);
INSERT INTO game_reviews (game_id, review_id) VALUES (30, 123);
INSERT INTO review (id, title, text, star_amount, user_id) VALUES (124, 'Great addition', 'Fun with the right group, but the learning curve is steep for casual players.', 2, 46);
INSERT INTO game_reviews (game_id, review_id) VALUES (30, 124);
INSERT INTO review (id, title, text, star_amount, user_id) VALUES (125, 'Solid experience', 'A masterpiece for engine builders; replayability is excellent.', 5, 35);
INSERT INTO game_reviews (game_id, review_id) VALUES (30, 125);
INSERT INTO review (id, title, text, star_amount, user_id) VALUES (126, 'Replayable gem', 'Fun with the right group, but the learning curve is steep for casual players.', 4, 96);
INSERT INTO game_reviews (game_id, review_id) VALUES (31, 126);
INSERT INTO review (id, title, text, star_amount, user_id) VALUES (127, 'Overhyped', 'Fun with the right group, but the learning curve is steep for casual players.', 4, 24);
INSERT INTO game_reviews (game_id, review_id) VALUES (31, 127);
INSERT INTO review (id, title, text, star_amount, user_id) VALUES (128, 'Good but flawed', 'A masterpiece for engine builders; replayability is excellent.', 5, 67);
INSERT INTO game_reviews (game_id, review_id) VALUES (31, 128);
INSERT INTO review (id, title, text, star_amount, user_id) VALUES (129, 'Mixed feelings', 'Solid family game; quick rounds and easy to teach.', 4, 11);
INSERT INTO game_reviews (game_id, review_id) VALUES (31, 129);
INSERT INTO review (id, title, text, star_amount, user_id) VALUES (130, 'Solid experience', 'I wanted to like it, but repeated turns felt a bit slow for my group.', 5, 42);
INSERT INTO game_reviews (game_id, review_id) VALUES (32, 130);
INSERT INTO review (id, title, text, star_amount, user_id) VALUES (131, 'Replayable gem', 'Everything clicks: theme, art, and gameplay work together wonderfully.', 4, 40);
INSERT INTO game_reviews (game_id, review_id) VALUES (32, 131);
INSERT INTO review (id, title, text, star_amount, user_id) VALUES (132, 'Overhyped', 'An absolute delight — tight mechanics and excellent pacing.', 4, 89);
INSERT INTO game_reviews (game_id, review_id) VALUES (32, 132);
INSERT INTO review (id, title, text, star_amount, user_id) VALUES (133, 'Solid experience', 'Excellent thematic immersion and clever mechanics.', 2, 94);
INSERT INTO game_reviews (game_id, review_id) VALUES (32, 133);
INSERT INTO review (id, title, text, star_amount, user_id) VALUES (134, 'Great addition', 'Beautiful components and a rewarding engine. Setup takes a bit, but it''s worth it.', 4, 36);
INSERT INTO game_reviews (game_id, review_id) VALUES (33, 134);
INSERT INTO review (id, title, text, star_amount, user_id) VALUES (135, 'Solid experience', 'Solid family game; quick rounds and easy to teach.', 4, 86);
INSERT INTO game_reviews (game_id, review_id) VALUES (33, 135);
INSERT INTO review (id, title, text, star_amount, user_id) VALUES (136, 'Great addition', 'Everything clicks: theme, art, and gameplay work together wonderfully.', 3, 96);
INSERT INTO game_reviews (game_id, review_id) VALUES (33, 136);
INSERT INTO review (id, title, text, star_amount, user_id) VALUES (137, 'Overhyped', 'An absolute delight — tight mechanics and excellent pacing.', 3, 78);
INSERT INTO game_reviews (game_id, review_id) VALUES (33, 137);
INSERT INTO review (id, title, text, star_amount, user_id) VALUES (138, 'Solid experience', 'Fun with the right group, but the learning curve is steep for casual players.', 5, 9);
INSERT INTO game_reviews (game_id, review_id) VALUES (34, 138);
INSERT INTO review (id, title, text, star_amount, user_id) VALUES (139, 'Great addition', 'Excellent thematic immersion and clever mechanics.', 2, 50);
INSERT INTO game_reviews (game_id, review_id) VALUES (34, 139);
INSERT INTO review (id, title, text, star_amount, user_id) VALUES (140, 'Solid experience', 'Fun with the right group, but the learning curve is steep for casual players.', 3, 20);
INSERT INTO game_reviews (game_id, review_id) VALUES (34, 140);
INSERT INTO review (id, title, text, star_amount, user_id) VALUES (141, 'Mixed feelings', 'Solid family game; quick rounds and easy to teach.', 5, 98);
INSERT INTO game_reviews (game_id, review_id) VALUES (35, 141);
INSERT INTO review (id, title, text, star_amount, user_id) VALUES (142, 'Not for me', 'Great ideas, but sometimes luck swings too hard depending on player count.', 4, 47);
INSERT INTO game_reviews (game_id, review_id) VALUES (35, 142);
INSERT INTO review (id, title, text, star_amount, user_id) VALUES (143, 'Mixed feelings', 'Not for me — too fiddly and heavy bookkeeping.', 5, 15);
INSERT INTO game_reviews (game_id, review_id) VALUES (35, 143);
INSERT INTO review (id, title, text, star_amount, user_id) VALUES (144, 'Good but flawed', 'I wanted to like it, but repeated turns felt a bit slow for my group.', 4, 67);
INSERT INTO game_reviews (game_id, review_id) VALUES (35, 144);
INSERT INTO review (id, title, text, star_amount, user_id) VALUES (145, 'Not for me', 'Not for me — too fiddly and heavy bookkeeping.', 4, 91);
INSERT INTO game_reviews (game_id, review_id) VALUES (36, 145);
INSERT INTO review (id, title, text, star_amount, user_id) VALUES (146, 'Good but flawed', 'Not for me — too fiddly and heavy bookkeeping.', 5, 26);
INSERT INTO game_reviews (game_id, review_id) VALUES (36, 146);
INSERT INTO review (id, title, text, star_amount, user_id) VALUES (147, 'Overhyped', 'Beautiful components and a rewarding engine. Setup takes a bit, but it''s worth it.', 2, 23);
INSERT INTO game_reviews (game_id, review_id) VALUES (36, 147);
INSERT INTO review (id, title, text, star_amount, user_id) VALUES (148, 'Solid experience', 'Fun with the right group, but the learning curve is steep for casual players.', 1, 88);
INSERT INTO game_reviews (game_id, review_id) VALUES (36, 148);
INSERT INTO review (id, title, text, star_amount, user_id) VALUES (149, 'Not for me', 'I wanted to like it, but repeated turns felt a bit slow for my group.', 4, 9);
INSERT INTO game_reviews (game_id, review_id) VALUES (37, 149);
INSERT INTO review (id, title, text, star_amount, user_id) VALUES (150, 'Mixed feelings', 'Fun with the right group, but the learning curve is steep for casual players.', 3, 21);
INSERT INTO game_reviews (game_id, review_id) VALUES (37, 150);
INSERT INTO review (id, title, text, star_amount, user_id) VALUES (151, 'Highly recommend', 'Everything clicks: theme, art, and gameplay work together wonderfully.', 5, 66);
INSERT INTO game_reviews (game_id, review_id) VALUES (37, 151);
INSERT INTO review (id, title, text, star_amount, user_id) VALUES (152, 'Great addition', 'Fun with the right group, but the learning curve is steep for casual players.', 3, 31);
INSERT INTO game_reviews (game_id, review_id) VALUES (37, 152);
INSERT INTO review (id, title, text, star_amount, user_id) VALUES (153, 'Overhyped', 'Solid family game; quick rounds and easy to teach.', 4, 71);
INSERT INTO game_reviews (game_id, review_id) VALUES (37, 153);
INSERT INTO review (id, title, text, star_amount, user_id) VALUES (154, 'Good but flawed', 'I wanted to like it, but repeated turns felt a bit slow for my group.', 2, 79);
INSERT INTO game_reviews (game_id, review_id) VALUES (38, 154);
INSERT INTO review (id, title, text, star_amount, user_id) VALUES (155, 'Overhyped', 'Solid family game; quick rounds and easy to teach.', 1, 51);
INSERT INTO game_reviews (game_id, review_id) VALUES (38, 155);
INSERT INTO review (id, title, text, star_amount, user_id) VALUES (156, 'Good but flawed', 'Everything clicks: theme, art, and gameplay work together wonderfully.', 3, 53);
INSERT INTO game_reviews (game_id, review_id) VALUES (38, 156);
INSERT INTO review (id, title, text, star_amount, user_id) VALUES (157, 'Overhyped', 'Solid family game; quick rounds and easy to teach.', 5, 83);
INSERT INTO game_reviews (game_id, review_id) VALUES (39, 157);
INSERT INTO review (id, title, text, star_amount, user_id) VALUES (158, 'Mixed feelings', 'Everything clicks: theme, art, and gameplay work together wonderfully.', 5, 45);
INSERT INTO game_reviews (game_id, review_id) VALUES (39, 158);
INSERT INTO review (id, title, text, star_amount, user_id) VALUES (159, 'Great addition', 'Beautiful components and a rewarding engine. Setup takes a bit, but it''s worth it.', 4, 56);
INSERT INTO game_reviews (game_id, review_id) VALUES (39, 159);
INSERT INTO review (id, title, text, star_amount, user_id) VALUES (160, 'Mixed feelings', 'Everything clicks: theme, art, and gameplay work together wonderfully.', 5, 67);
INSERT INTO game_reviews (game_id, review_id) VALUES (39, 160);
INSERT INTO review (id, title, text, star_amount, user_id) VALUES (161, 'Not for me', 'Beautiful components and a rewarding engine. Setup takes a bit, but it''s worth it.', 5, 91);
INSERT INTO game_reviews (game_id, review_id) VALUES (40, 161);
INSERT INTO review (id, title, text, star_amount, user_id) VALUES (162, 'Not for me', 'Everything clicks: theme, art, and gameplay work together wonderfully.', 5, 33);
INSERT INTO game_reviews (game_id, review_id) VALUES (40, 162);
INSERT INTO review (id, title, text, star_amount, user_id) VALUES (163, 'Good but flawed', 'Solid family game; quick rounds and easy to teach.', 5, 81);
INSERT INTO game_reviews (game_id, review_id) VALUES (40, 163);
INSERT INTO review (id, title, text, star_amount, user_id) VALUES (164, 'Mixed feelings', 'Everything clicks: theme, art, and gameplay work together wonderfully.', 5, 83);
INSERT INTO game_reviews (game_id, review_id) VALUES (40, 164);
INSERT INTO review (id, title, text, star_amount, user_id) VALUES (165, 'Solid experience', 'Excellent thematic immersion and clever mechanics.', 3, 80);
INSERT INTO game_reviews (game_id, review_id) VALUES (41, 165);
INSERT INTO review (id, title, text, star_amount, user_id) VALUES (166, 'Great addition', 'Beautiful components and a rewarding engine. Setup takes a bit, but it''s worth it.', 3, 6);
INSERT INTO game_reviews (game_id, review_id) VALUES (41, 166);
INSERT INTO review (id, title, text, star_amount, user_id) VALUES (167, 'Not for me', 'Great ideas, but sometimes luck swings too hard depending on player count.', 2, 6);
INSERT INTO game_reviews (game_id, review_id) VALUES (41, 167);
INSERT INTO review (id, title, text, star_amount, user_id) VALUES (168, 'Great addition', 'Not for me — too fiddly and heavy bookkeeping.', 4, 99);
INSERT INTO game_reviews (game_id, review_id) VALUES (41, 168);
INSERT INTO review (id, title, text, star_amount, user_id) VALUES (169, 'Not for me', 'Not for me — too fiddly and heavy bookkeeping.', 4, 81);
INSERT INTO game_reviews (game_id, review_id) VALUES (41, 169);
INSERT INTO review (id, title, text, star_amount, user_id) VALUES (170, 'Overhyped', 'Beautiful components and a rewarding engine. Setup takes a bit, but it''s worth it.', 4, 88);
INSERT INTO game_reviews (game_id, review_id) VALUES (42, 170);
INSERT INTO review (id, title, text, star_amount, user_id) VALUES (171, 'Overhyped', 'A masterpiece for engine builders; replayability is excellent.', 5, 89);
INSERT INTO game_reviews (game_id, review_id) VALUES (42, 171);
INSERT INTO review (id, title, text, star_amount, user_id) VALUES (172, 'Solid experience', 'Excellent thematic immersion and clever mechanics.', 4, 62);
INSERT INTO game_reviews (game_id, review_id) VALUES (42, 172);
INSERT INTO review (id, title, text, star_amount, user_id) VALUES (173, 'Solid experience', 'Fun with the right group, but the learning curve is steep for casual players.', 2, 41);
INSERT INTO game_reviews (game_id, review_id) VALUES (43, 173);
INSERT INTO review (id, title, text, star_amount, user_id) VALUES (174, 'Solid experience', 'Solid family game; quick rounds and easy to teach.', 5, 52);
INSERT INTO game_reviews (game_id, review_id) VALUES (43, 174);
INSERT INTO review (id, title, text, star_amount, user_id) VALUES (175, 'Highly recommend', 'Not for me — too fiddly and heavy bookkeeping.', 5, 72);
INSERT INTO game_reviews (game_id, review_id) VALUES (43, 175);
INSERT INTO review (id, title, text, star_amount, user_id) VALUES (176, 'Mixed feelings', 'Beautiful components and a rewarding engine. Setup takes a bit, but it''s worth it.', 4, 35);
INSERT INTO game_reviews (game_id, review_id) VALUES (44, 176);
INSERT INTO review (id, title, text, star_amount, user_id) VALUES (177, 'Replayable gem', 'Excellent thematic immersion and clever mechanics.', 5, 7);
INSERT INTO game_reviews (game_id, review_id) VALUES (44, 177);
INSERT INTO review (id, title, text, star_amount, user_id) VALUES (178, 'Mixed feelings', 'Fun with the right group, but the learning curve is steep for casual players.', 5, 54);
INSERT INTO game_reviews (game_id, review_id) VALUES (44, 178);
INSERT INTO review (id, title, text, star_amount, user_id) VALUES (179, 'Mixed feelings', 'Not for me — too fiddly and heavy bookkeeping.', 5, 93);
INSERT INTO game_reviews (game_id, review_id) VALUES (45, 179);
INSERT INTO review (id, title, text, star_amount, user_id) VALUES (180, 'Not for me', 'Not for me — too fiddly and heavy bookkeeping.', 4, 66);
INSERT INTO game_reviews (game_id, review_id) VALUES (45, 180);
INSERT INTO review (id, title, text, star_amount, user_id) VALUES (181, 'Replayable gem', 'Solid family game; quick rounds and easy to teach.', 5, 3);
INSERT INTO game_reviews (game_id, review_id) VALUES (45, 181);
INSERT INTO review (id, title, text, star_amount, user_id) VALUES (182, 'Highly recommend', 'Excellent thematic immersion and clever mechanics.', 1, 59);
INSERT INTO game_reviews (game_id, review_id) VALUES (45, 182);
INSERT INTO review (id, title, text, star_amount, user_id) VALUES (183, 'Not for me', 'Not for me — too fiddly and heavy bookkeeping.', 5, 46);
INSERT INTO game_reviews (game_id, review_id) VALUES (45, 183);
INSERT INTO review (id, title, text, star_amount, user_id) VALUES (184, 'Not for me', 'Solid family game; quick rounds and easy to teach.', 3, 84);
INSERT INTO game_reviews (game_id, review_id) VALUES (46, 184);
INSERT INTO review (id, title, text, star_amount, user_id) VALUES (185, 'Replayable gem', 'Everything clicks: theme, art, and gameplay work together wonderfully.', 3, 2);
INSERT INTO game_reviews (game_id, review_id) VALUES (46, 185);
INSERT INTO review (id, title, text, star_amount, user_id) VALUES (186, 'Replayable gem', 'Fun with the right group, but the learning curve is steep for casual players.', 3, 34);
INSERT INTO game_reviews (game_id, review_id) VALUES (46, 186);
INSERT INTO review (id, title, text, star_amount, user_id) VALUES (187, 'Highly recommend', 'Fun with the right group, but the learning curve is steep for casual players.', 4, 6);
INSERT INTO game_reviews (game_id, review_id) VALUES (46, 187);
INSERT INTO review (id, title, text, star_amount, user_id) VALUES (188, 'Replayable gem', 'Solid family game; quick rounds and easy to teach.', 5, 71);
INSERT INTO game_reviews (game_id, review_id) VALUES (46, 188);
INSERT INTO review (id, title, text, star_amount, user_id) VALUES (189, 'Good but flawed', 'Everything clicks: theme, art, and gameplay work together wonderfully.', 4, 98);
INSERT INTO game_reviews (game_id, review_id) VALUES (47, 189);
INSERT INTO review (id, title, text, star_amount, user_id) VALUES (190, 'Solid experience', 'Solid family game; quick rounds and easy to teach.', 4, 13);
INSERT INTO game_reviews (game_id, review_id) VALUES (47, 190);
INSERT INTO review (id, title, text, star_amount, user_id) VALUES (191, 'Highly recommend', 'Excellent thematic immersion and clever mechanics.', 3, 47);
INSERT INTO game_reviews (game_id, review_id) VALUES (47, 191);
INSERT INTO review (id, title, text, star_amount, user_id) VALUES (192, 'Great addition', 'An absolute delight — tight mechanics and excellent pacing.', 4, 66);
INSERT INTO game_reviews (game_id, review_id) VALUES (47, 192);
INSERT INTO review (id, title, text, star_amount, user_id) VALUES (193, 'Overhyped', 'Solid family game; quick rounds and easy to teach.', 3, 18);
INSERT INTO game_reviews (game_id, review_id) VALUES (48, 193);
INSERT INTO review (id, title, text, star_amount, user_id) VALUES (194, 'Mixed feelings', 'Fun with the right group, but the learning curve is steep for casual players.', 5, 59);
INSERT INTO game_reviews (game_id, review_id) VALUES (48, 194);
INSERT INTO review (id, title, text, star_amount, user_id) VALUES (195, 'Replayable gem', 'Excellent thematic immersion and clever mechanics.', 5, 79);
INSERT INTO game_reviews (game_id, review_id) VALUES (48, 195);
INSERT INTO review (id, title, text, star_amount, user_id) VALUES (196, 'Overhyped', 'Excellent thematic immersion and clever mechanics.', 4, 39);
INSERT INTO game_reviews (game_id, review_id) VALUES (49, 196);
INSERT INTO review (id, title, text, star_amount, user_id) VALUES (197, 'Great addition', 'Fun with the right group, but the learning curve is steep for casual players.', 4, 39);
INSERT INTO game_reviews (game_id, review_id) VALUES (49, 197);
INSERT INTO review (id, title, text, star_amount, user_id) VALUES (198, 'Replayable gem', 'Excellent thematic immersion and clever mechanics.', 3, 43);
INSERT INTO game_reviews (game_id, review_id) VALUES (49, 198);
INSERT INTO review (id, title, text, star_amount, user_id) VALUES (199, 'Great addition', 'Excellent thematic immersion and clever mechanics.', 3, 40);
INSERT INTO game_reviews (game_id, review_id) VALUES (49, 199);
INSERT INTO review (id, title, text, star_amount, user_id) VALUES (200, 'Highly recommend', 'An absolute delight — tight mechanics and excellent pacing.', 5, 61);
INSERT INTO game_reviews (game_id, review_id) VALUES (49, 200);
INSERT INTO matchup (id, game_id, start_time, end_time, created_at, is_private, created_by_user_id, user_id_winner, user_id_1, user_id_2) VALUES (1, 38, '2024-05-21', '2020-11-29', '2024-11-17', 1, 19, 88, 88, 32);
INSERT INTO matchup_comments (id, matchup_id, text, user_id) VALUES (1, 1, 'Tight finish and interesting decisions throughout.', 74);
INSERT INTO spectator (id, matchup_id) VALUES (1, 1);
INSERT INTO spectator_users (spectator_id, user_id) VALUES (1, 15);
INSERT INTO spectator_users (spectator_id, user_id) VALUES (1, 25);
INSERT INTO spectator_users (spectator_id, user_id) VALUES (1, 3);
INSERT INTO move (id, ply, start_x_coordinate, start_y_coordinate, end_x_coordinate, end_y_coordinate) VALUES (1, 1, 5, 6, 2, 6);
INSERT INTO matchup_move (matchup_id, move_id) VALUES (1, 1);
INSERT INTO move (id, ply, start_x_coordinate, start_y_coordinate, end_x_coordinate, end_y_coordinate) VALUES (2, 2, 3, 6, 7, 0);
INSERT INTO matchup_move (matchup_id, move_id) VALUES (1, 2);
INSERT INTO move (id, ply, start_x_coordinate, start_y_coordinate, end_x_coordinate, end_y_coordinate) VALUES (3, 3, 2, 3, 5, 7);
INSERT INTO matchup_move (matchup_id, move_id) VALUES (1, 3);
INSERT INTO move (id, ply, start_x_coordinate, start_y_coordinate, end_x_coordinate, end_y_coordinate) VALUES (4, 4, 6, 5, 2, 7);
INSERT INTO matchup_move (matchup_id, move_id) VALUES (1, 4);
INSERT INTO matchup (id, game_id, start_time, end_time, created_at, is_private, created_by_user_id, user_id_winner, user_id_1, user_id_2) VALUES (2, 35, '2022-11-03', '2025-02-15', '2022-12-22', 1, 79, 62, 62, 25);
INSERT INTO matchup_comments (id, matchup_id, text, user_id) VALUES (2, 2, 'Tight finish and interesting decisions throughout.', 36);
INSERT INTO spectator (id, matchup_id) VALUES (2, 2);
INSERT INTO spectator_users (spectator_id, user_id) VALUES (2, 39);
INSERT INTO move (id, ply, start_x_coordinate, start_y_coordinate, end_x_coordinate, end_y_coordinate) VALUES (5, 1, 3, 7, 5, 7);
INSERT INTO matchup_move (matchup_id, move_id) VALUES (2, 5);
INSERT INTO move (id, ply, start_x_coordinate, start_y_coordinate, end_x_coordinate, end_y_coordinate) VALUES (6, 2, 5, 4, 4, 1);
INSERT INTO matchup_move (matchup_id, move_id) VALUES (2, 6);
INSERT INTO move (id, ply, start_x_coordinate, start_y_coordinate, end_x_coordinate, end_y_coordinate) VALUES (7, 3, 6, 6, 5, 2);
INSERT INTO matchup_move (matchup_id, move_id) VALUES (2, 7);
INSERT INTO move (id, ply, start_x_coordinate, start_y_coordinate, end_x_coordinate, end_y_coordinate) VALUES (8, 4, 4, 0, 4, 1);
INSERT INTO matchup_move (matchup_id, move_id) VALUES (2, 8);
INSERT INTO matchup (id, game_id, start_time, end_time, created_at, is_private, created_by_user_id, user_id_winner, user_id_1, user_id_2) VALUES (3, 23, '2023-12-17', '2021-11-16', '2024-05-16', 0, 26, 35, 69, 35);
INSERT INTO matchup_comments (id, matchup_id, text, user_id) VALUES (3, 3, 'Tight finish and interesting decisions throughout.', 18);
INSERT INTO spectator (id, matchup_id) VALUES (3, 3);
INSERT INTO spectator_users (spectator_id, user_id) VALUES (3, 79);
INSERT INTO move (id, ply, start_x_coordinate, start_y_coordinate, end_x_coordinate, end_y_coordinate) VALUES (9, 1, 3, 3, 0, 3);
INSERT INTO matchup_move (matchup_id, move_id) VALUES (3, 9);
INSERT INTO move (id, ply, start_x_coordinate, start_y_coordinate, end_x_coordinate, end_y_coordinate) VALUES (10, 2, 3, 0, 1, 6);
INSERT INTO matchup_move (matchup_id, move_id) VALUES (3, 10);
INSERT INTO move (id, ply, start_x_coordinate, start_y_coordinate, end_x_coordinate, end_y_coordinate) VALUES (11, 3, 5, 7, 1, 2);
INSERT INTO matchup_move (matchup_id, move_id) VALUES (3, 11);
INSERT INTO move (id, ply, start_x_coordinate, start_y_coordinate, end_x_coordinate, end_y_coordinate) VALUES (12, 4, 0, 2, 6, 7);
INSERT INTO matchup_move (matchup_id, move_id) VALUES (3, 12);
INSERT INTO move (id, ply, start_x_coordinate, start_y_coordinate, end_x_coordinate, end_y_coordinate) VALUES (13, 5, 7, 3, 4, 5);
INSERT INTO matchup_move (matchup_id, move_id) VALUES (3, 13);
INSERT INTO matchup (id, game_id, start_time, end_time, created_at, is_private, created_by_user_id, user_id_winner, user_id_1, user_id_2) VALUES (4, 19, '2019-08-31', '2020-01-02', '2021-08-09', 0, 23, 54, 54, 23);
INSERT INTO matchup_comments (id, matchup_id, text, user_id) VALUES (4, 4, 'Tight finish and interesting decisions throughout.', 51);
INSERT INTO spectator (id, matchup_id) VALUES (4, 4);
INSERT INTO spectator_users (spectator_id, user_id) VALUES (4, 24);
INSERT INTO spectator_users (spectator_id, user_id) VALUES (4, 96);
INSERT INTO move (id, ply, start_x_coordinate, start_y_coordinate, end_x_coordinate, end_y_coordinate) VALUES (14, 1, 0, 0, 4, 1);
INSERT INTO matchup_move (matchup_id, move_id) VALUES (4, 14);
INSERT INTO move (id, ply, start_x_coordinate, start_y_coordinate, end_x_coordinate, end_y_coordinate) VALUES (15, 2, 5, 4, 7, 7);
INSERT INTO matchup_move (matchup_id, move_id) VALUES (4, 15);
INSERT INTO move (id, ply, start_x_coordinate, start_y_coordinate, end_x_coordinate, end_y_coordinate) VALUES (16, 3, 2, 7, 4, 3);
INSERT INTO matchup_move (matchup_id, move_id) VALUES (4, 16);
INSERT INTO move (id, ply, start_x_coordinate, start_y_coordinate, end_x_coordinate, end_y_coordinate) VALUES (17, 4, 1, 5, 2, 7);
INSERT INTO matchup_move (matchup_id, move_id) VALUES (4, 17);
INSERT INTO matchup (id, game_id, start_time, end_time, created_at, is_private, created_by_user_id, user_id_winner, user_id_1, user_id_2) VALUES (5, 42, '2021-11-19', '2021-02-01', '2019-02-27', 1, 38, 73, 73, 87);
INSERT INTO matchup_comments (id, matchup_id, text, user_id) VALUES (5, 5, 'Tight finish and interesting decisions throughout.', 23);
INSERT INTO spectator (id, matchup_id) VALUES (5, 5);
INSERT INTO spectator_users (spectator_id, user_id) VALUES (5, 82);
INSERT INTO spectator_users (spectator_id, user_id) VALUES (5, 52);
INSERT INTO spectator_users (spectator_id, user_id) VALUES (5, 55);
INSERT INTO move (id, ply, start_x_coordinate, start_y_coordinate, end_x_coordinate, end_y_coordinate) VALUES (18, 1, 5, 1, 6, 1);
INSERT INTO matchup_move (matchup_id, move_id) VALUES (5, 18);
INSERT INTO move (id, ply, start_x_coordinate, start_y_coordinate, end_x_coordinate, end_y_coordinate) VALUES (19, 2, 2, 2, 7, 5);
INSERT INTO matchup_move (matchup_id, move_id) VALUES (5, 19);
INSERT INTO move (id, ply, start_x_coordinate, start_y_coordinate, end_x_coordinate, end_y_coordinate) VALUES (20, 3, 3, 0, 4, 6);
INSERT INTO matchup_move (matchup_id, move_id) VALUES (5, 20);
INSERT INTO move (id, ply, start_x_coordinate, start_y_coordinate, end_x_coordinate, end_y_coordinate) VALUES (21, 4, 3, 7, 4, 5);
INSERT INTO matchup_move (matchup_id, move_id) VALUES (5, 21);
INSERT INTO move (id, ply, start_x_coordinate, start_y_coordinate, end_x_coordinate, end_y_coordinate) VALUES (22, 5, 4, 0, 4, 5);
INSERT INTO matchup_move (matchup_id, move_id) VALUES (5, 22);
INSERT INTO matchup (id, game_id, start_time, end_time, created_at, is_private, created_by_user_id, user_id_winner, user_id_1, user_id_2) VALUES (6, 45, '2021-08-25', '2019-09-12', '2020-04-29', 1, 40, 52, 21, 52);
INSERT INTO matchup_comments (id, matchup_id, text, user_id) VALUES (6, 6, 'Tight finish and interesting decisions throughout.', 89);
INSERT INTO spectator (id, matchup_id) VALUES (6, 6);
INSERT INTO spectator_users (spectator_id, user_id) VALUES (6, 82);
INSERT INTO move (id, ply, start_x_coordinate, start_y_coordinate, end_x_coordinate, end_y_coordinate) VALUES (23, 1, 5, 3, 3, 2);
INSERT INTO matchup_move (matchup_id, move_id) VALUES (6, 23);
INSERT INTO move (id, ply, start_x_coordinate, start_y_coordinate, end_x_coordinate, end_y_coordinate) VALUES (24, 2, 7, 2, 7, 5);
INSERT INTO matchup_move (matchup_id, move_id) VALUES (6, 24);
INSERT INTO move (id, ply, start_x_coordinate, start_y_coordinate, end_x_coordinate, end_y_coordinate) VALUES (25, 3, 6, 7, 3, 3);
INSERT INTO matchup_move (matchup_id, move_id) VALUES (6, 25);
INSERT INTO move (id, ply, start_x_coordinate, start_y_coordinate, end_x_coordinate, end_y_coordinate) VALUES (26, 4, 1, 7, 5, 1);
INSERT INTO matchup_move (matchup_id, move_id) VALUES (6, 26);
INSERT INTO matchup (id, game_id, start_time, end_time, created_at, is_private, created_by_user_id, user_id_winner, user_id_1, user_id_2) VALUES (7, 37, '2020-04-04', '2019-09-10', '2024-09-01', 0, 74, 69, 69, 20);
INSERT INTO matchup_comments (id, matchup_id, text, user_id) VALUES (7, 7, 'Tight finish and interesting decisions throughout.', 42);
INSERT INTO spectator (id, matchup_id) VALUES (7, 7);
INSERT INTO spectator_users (spectator_id, user_id) VALUES (7, 57);
INSERT INTO spectator_users (spectator_id, user_id) VALUES (7, 15);
INSERT INTO spectator_users (spectator_id, user_id) VALUES (7, 88);
INSERT INTO move (id, ply, start_x_coordinate, start_y_coordinate, end_x_coordinate, end_y_coordinate) VALUES (27, 1, 7, 1, 7, 0);
INSERT INTO matchup_move (matchup_id, move_id) VALUES (7, 27);
INSERT INTO move (id, ply, start_x_coordinate, start_y_coordinate, end_x_coordinate, end_y_coordinate) VALUES (28, 2, 7, 2, 6, 7);
INSERT INTO matchup_move (matchup_id, move_id) VALUES (7, 28);
INSERT INTO move (id, ply, start_x_coordinate, start_y_coordinate, end_x_coordinate, end_y_coordinate) VALUES (29, 3, 0, 7, 4, 0);
INSERT INTO matchup_move (matchup_id, move_id) VALUES (7, 29);
INSERT INTO matchup (id, game_id, start_time, end_time, created_at, is_private, created_by_user_id, user_id_winner, user_id_1, user_id_2) VALUES (8, 26, '2021-11-08', '2019-01-13', '2021-06-11', 0, 6, 55, 55, 45);
INSERT INTO matchup_comments (id, matchup_id, text, user_id) VALUES (8, 8, 'Tight finish and interesting decisions throughout.', 70);
INSERT INTO spectator (id, matchup_id) VALUES (8, 8);
INSERT INTO spectator_users (spectator_id, user_id) VALUES (8, 9);
INSERT INTO move (id, ply, start_x_coordinate, start_y_coordinate, end_x_coordinate, end_y_coordinate) VALUES (30, 1, 0, 4, 6, 2);
INSERT INTO matchup_move (matchup_id, move_id) VALUES (8, 30);
INSERT INTO move (id, ply, start_x_coordinate, start_y_coordinate, end_x_coordinate, end_y_coordinate) VALUES (31, 2, 2, 6, 5, 6);
INSERT INTO matchup_move (matchup_id, move_id) VALUES (8, 31);
INSERT INTO move (id, ply, start_x_coordinate, start_y_coordinate, end_x_coordinate, end_y_coordinate) VALUES (32, 3, 7, 6, 6, 1);
INSERT INTO matchup_move (matchup_id, move_id) VALUES (8, 32);
INSERT INTO move (id, ply, start_x_coordinate, start_y_coordinate, end_x_coordinate, end_y_coordinate) VALUES (33, 4, 2, 5, 1, 2);
INSERT INTO matchup_move (matchup_id, move_id) VALUES (8, 33);
INSERT INTO matchup (id, game_id, start_time, end_time, created_at, is_private, created_by_user_id, user_id_winner, user_id_1, user_id_2) VALUES (9, 35, '2023-05-29', '2024-12-06', '2020-06-05', 0, 1, 3, 97, 3);
INSERT INTO matchup_comments (id, matchup_id, text, user_id) VALUES (9, 9, 'Tight finish and interesting decisions throughout.', 60);
INSERT INTO spectator (id, matchup_id) VALUES (9, 9);
INSERT INTO spectator_users (spectator_id, user_id) VALUES (9, 93);
INSERT INTO spectator_users (spectator_id, user_id) VALUES (9, 70);
INSERT INTO spectator_users (spectator_id, user_id) VALUES (9, 55);
INSERT INTO move (id, ply, start_x_coordinate, start_y_coordinate, end_x_coordinate, end_y_coordinate) VALUES (34, 1, 6, 3, 3, 7);
INSERT INTO matchup_move (matchup_id, move_id) VALUES (9, 34);
INSERT INTO move (id, ply, start_x_coordinate, start_y_coordinate, end_x_coordinate, end_y_coordinate) VALUES (35, 2, 5, 2, 4, 3);
INSERT INTO matchup_move (matchup_id, move_id) VALUES (9, 35);
INSERT INTO move (id, ply, start_x_coordinate, start_y_coordinate, end_x_coordinate, end_y_coordinate) VALUES (36, 3, 1, 0, 6, 0);
INSERT INTO matchup_move (matchup_id, move_id) VALUES (9, 36);
INSERT INTO move (id, ply, start_x_coordinate, start_y_coordinate, end_x_coordinate, end_y_coordinate) VALUES (37, 4, 3, 3, 1, 1);
INSERT INTO matchup_move (matchup_id, move_id) VALUES (9, 37);
INSERT INTO move (id, ply, start_x_coordinate, start_y_coordinate, end_x_coordinate, end_y_coordinate) VALUES (38, 5, 0, 7, 0, 3);
INSERT INTO matchup_move (matchup_id, move_id) VALUES (9, 38);
INSERT INTO matchup (id, game_id, start_time, end_time, created_at, is_private, created_by_user_id, user_id_winner, user_id_1, user_id_2) VALUES (10, 48, '2019-07-01', '2023-07-06', '2023-12-03', 0, 70, 28, 28, 97);
INSERT INTO matchup_comments (id, matchup_id, text, user_id) VALUES (10, 10, 'Tight finish and interesting decisions throughout.', 18);
INSERT INTO spectator (id, matchup_id) VALUES (10, 10);
INSERT INTO spectator_users (spectator_id, user_id) VALUES (10, 38);
INSERT INTO spectator_users (spectator_id, user_id) VALUES (10, 30);
INSERT INTO spectator_users (spectator_id, user_id) VALUES (10, 94);
INSERT INTO move (id, ply, start_x_coordinate, start_y_coordinate, end_x_coordinate, end_y_coordinate) VALUES (39, 1, 5, 5, 3, 4);
INSERT INTO matchup_move (matchup_id, move_id) VALUES (10, 39);
INSERT INTO move (id, ply, start_x_coordinate, start_y_coordinate, end_x_coordinate, end_y_coordinate) VALUES (40, 2, 2, 3, 6, 4);
INSERT INTO matchup_move (matchup_id, move_id) VALUES (10, 40);
INSERT INTO move (id, ply, start_x_coordinate, start_y_coordinate, end_x_coordinate, end_y_coordinate) VALUES (41, 3, 4, 0, 2, 6);
INSERT INTO matchup_move (matchup_id, move_id) VALUES (10, 41);
INSERT INTO move (id, ply, start_x_coordinate, start_y_coordinate, end_x_coordinate, end_y_coordinate) VALUES (42, 4, 7, 0, 5, 6);
INSERT INTO matchup_move (matchup_id, move_id) VALUES (10, 42);
INSERT INTO move (id, ply, start_x_coordinate, start_y_coordinate, end_x_coordinate, end_y_coordinate) VALUES (43, 5, 5, 6, 6, 2);
INSERT INTO matchup_move (matchup_id, move_id) VALUES (10, 43);
INSERT INTO matchup (id, game_id, start_time, end_time, created_at, is_private, created_by_user_id, user_id_winner, user_id_1, user_id_2) VALUES (11, 20, '2023-03-22', '2021-01-23', '2024-04-23', 0, 29, 39, 39, 91);
INSERT INTO matchup_comments (id, matchup_id, text, user_id) VALUES (11, 11, 'Tight finish and interesting decisions throughout.', 60);
INSERT INTO spectator (id, matchup_id) VALUES (11, 11);
INSERT INTO spectator_users (spectator_id, user_id) VALUES (11, 72);
INSERT INTO move (id, ply, start_x_coordinate, start_y_coordinate, end_x_coordinate, end_y_coordinate) VALUES (44, 1, 6, 2, 6, 3);
INSERT INTO matchup_move (matchup_id, move_id) VALUES (11, 44);
INSERT INTO move (id, ply, start_x_coordinate, start_y_coordinate, end_x_coordinate, end_y_coordinate) VALUES (45, 2, 4, 3, 5, 1);
INSERT INTO matchup_move (matchup_id, move_id) VALUES (11, 45);
INSERT INTO move (id, ply, start_x_coordinate, start_y_coordinate, end_x_coordinate, end_y_coordinate) VALUES (46, 3, 7, 5, 1, 3);
INSERT INTO matchup_move (matchup_id, move_id) VALUES (11, 46);
INSERT INTO move (id, ply, start_x_coordinate, start_y_coordinate, end_x_coordinate, end_y_coordinate) VALUES (47, 4, 0, 4, 6, 0);
INSERT INTO matchup_move (matchup_id, move_id) VALUES (11, 47);
INSERT INTO matchup (id, game_id, start_time, end_time, created_at, is_private, created_by_user_id, user_id_winner, user_id_1, user_id_2) VALUES (12, 5, '2021-02-09', '2025-08-03', '2021-06-07', 1, 27, 43, 43, 39);
INSERT INTO matchup_comments (id, matchup_id, text, user_id) VALUES (12, 12, 'Tight finish and interesting decisions throughout.', 28);
INSERT INTO spectator (id, matchup_id) VALUES (12, 12);
INSERT INTO spectator_users (spectator_id, user_id) VALUES (12, 95);
INSERT INTO move (id, ply, start_x_coordinate, start_y_coordinate, end_x_coordinate, end_y_coordinate) VALUES (48, 1, 7, 3, 3, 6);
INSERT INTO matchup_move (matchup_id, move_id) VALUES (12, 48);
INSERT INTO move (id, ply, start_x_coordinate, start_y_coordinate, end_x_coordinate, end_y_coordinate) VALUES (49, 2, 3, 5, 4, 6);
INSERT INTO matchup_move (matchup_id, move_id) VALUES (12, 49);
INSERT INTO move (id, ply, start_x_coordinate, start_y_coordinate, end_x_coordinate, end_y_coordinate) VALUES (50, 3, 7, 5, 4, 4);
INSERT INTO matchup_move (matchup_id, move_id) VALUES (12, 50);
INSERT INTO matchup (id, game_id, start_time, end_time, created_at, is_private, created_by_user_id, user_id_winner, user_id_1, user_id_2) VALUES (13, 24, '2024-10-01', '2024-07-29', '2024-03-23', 0, 93, 98, 61, 98);
INSERT INTO matchup_comments (id, matchup_id, text, user_id) VALUES (13, 13, 'Tight finish and interesting decisions throughout.', 27);
INSERT INTO spectator (id, matchup_id) VALUES (13, 13);
INSERT INTO spectator_users (spectator_id, user_id) VALUES (13, 41);
INSERT INTO spectator_users (spectator_id, user_id) VALUES (13, 53);
INSERT INTO move (id, ply, start_x_coordinate, start_y_coordinate, end_x_coordinate, end_y_coordinate) VALUES (51, 1, 3, 2, 0, 4);
INSERT INTO matchup_move (matchup_id, move_id) VALUES (13, 51);
INSERT INTO move (id, ply, start_x_coordinate, start_y_coordinate, end_x_coordinate, end_y_coordinate) VALUES (52, 2, 6, 4, 2, 3);
INSERT INTO matchup_move (matchup_id, move_id) VALUES (13, 52);
INSERT INTO move (id, ply, start_x_coordinate, start_y_coordinate, end_x_coordinate, end_y_coordinate) VALUES (53, 3, 5, 3, 6, 3);
INSERT INTO matchup_move (matchup_id, move_id) VALUES (13, 53);
INSERT INTO matchup (id, game_id, start_time, end_time, created_at, is_private, created_by_user_id, user_id_winner, user_id_1, user_id_2) VALUES (14, 32, '2025-03-05', '2022-10-14', '2021-11-20', 1, 93, 95, 83, 95);
INSERT INTO matchup_comments (id, matchup_id, text, user_id) VALUES (14, 14, 'Tight finish and interesting decisions throughout.', 59);
INSERT INTO spectator (id, matchup_id) VALUES (14, 14);
INSERT INTO spectator_users (spectator_id, user_id) VALUES (14, 94);
INSERT INTO move (id, ply, start_x_coordinate, start_y_coordinate, end_x_coordinate, end_y_coordinate) VALUES (54, 1, 2, 2, 7, 2);
INSERT INTO matchup_move (matchup_id, move_id) VALUES (14, 54);
INSERT INTO move (id, ply, start_x_coordinate, start_y_coordinate, end_x_coordinate, end_y_coordinate) VALUES (55, 2, 0, 0, 1, 0);
INSERT INTO matchup_move (matchup_id, move_id) VALUES (14, 55);
INSERT INTO move (id, ply, start_x_coordinate, start_y_coordinate, end_x_coordinate, end_y_coordinate) VALUES (56, 3, 0, 6, 2, 3);
INSERT INTO matchup_move (matchup_id, move_id) VALUES (14, 56);
INSERT INTO move (id, ply, start_x_coordinate, start_y_coordinate, end_x_coordinate, end_y_coordinate) VALUES (57, 4, 1, 2, 0, 3);
INSERT INTO matchup_move (matchup_id, move_id) VALUES (14, 57);
INSERT INTO matchup (id, game_id, start_time, end_time, created_at, is_private, created_by_user_id, user_id_winner, user_id_1, user_id_2) VALUES (15, 33, '2024-02-11', '2023-03-09', '2019-09-05', 1, 85, 63, 63, 3);
INSERT INTO matchup_comments (id, matchup_id, text, user_id) VALUES (15, 15, 'Tight finish and interesting decisions throughout.', 69);
INSERT INTO spectator (id, matchup_id) VALUES (15, 15);
INSERT INTO spectator_users (spectator_id, user_id) VALUES (15, 53);
INSERT INTO spectator_users (spectator_id, user_id) VALUES (15, 2);
INSERT INTO spectator_users (spectator_id, user_id) VALUES (15, 3);
INSERT INTO move (id, ply, start_x_coordinate, start_y_coordinate, end_x_coordinate, end_y_coordinate) VALUES (58, 1, 4, 4, 0, 6);
INSERT INTO matchup_move (matchup_id, move_id) VALUES (15, 58);
INSERT INTO move (id, ply, start_x_coordinate, start_y_coordinate, end_x_coordinate, end_y_coordinate) VALUES (59, 2, 2, 1, 1, 2);
INSERT INTO matchup_move (matchup_id, move_id) VALUES (15, 59);
INSERT INTO move (id, ply, start_x_coordinate, start_y_coordinate, end_x_coordinate, end_y_coordinate) VALUES (60, 3, 3, 3, 4, 5);
INSERT INTO matchup_move (matchup_id, move_id) VALUES (15, 60);
INSERT INTO move (id, ply, start_x_coordinate, start_y_coordinate, end_x_coordinate, end_y_coordinate) VALUES (61, 4, 4, 6, 1, 5);
INSERT INTO matchup_move (matchup_id, move_id) VALUES (15, 61);
INSERT INTO move (id, ply, start_x_coordinate, start_y_coordinate, end_x_coordinate, end_y_coordinate) VALUES (62, 5, 6, 7, 3, 3);
INSERT INTO matchup_move (matchup_id, move_id) VALUES (15, 62);
INSERT INTO matchup (id, game_id, start_time, end_time, created_at, is_private, created_by_user_id, user_id_winner, user_id_1, user_id_2) VALUES (16, 20, '2019-11-27', '2019-05-10', '2020-01-18', 1, 49, 71, 49, 71);
INSERT INTO matchup_comments (id, matchup_id, text, user_id) VALUES (16, 16, 'Tight finish and interesting decisions throughout.', 8);
INSERT INTO spectator (id, matchup_id) VALUES (16, 16);
INSERT INTO spectator_users (spectator_id, user_id) VALUES (16, 2);
INSERT INTO spectator_users (spectator_id, user_id) VALUES (16, 90);
INSERT INTO spectator_users (spectator_id, user_id) VALUES (16, 22);
INSERT INTO move (id, ply, start_x_coordinate, start_y_coordinate, end_x_coordinate, end_y_coordinate) VALUES (63, 1, 7, 6, 5, 1);
INSERT INTO matchup_move (matchup_id, move_id) VALUES (16, 63);
INSERT INTO move (id, ply, start_x_coordinate, start_y_coordinate, end_x_coordinate, end_y_coordinate) VALUES (64, 2, 0, 3, 3, 7);
INSERT INTO matchup_move (matchup_id, move_id) VALUES (16, 64);
INSERT INTO move (id, ply, start_x_coordinate, start_y_coordinate, end_x_coordinate, end_y_coordinate) VALUES (65, 3, 4, 0, 1, 4);
INSERT INTO matchup_move (matchup_id, move_id) VALUES (16, 65);
INSERT INTO matchup (id, game_id, start_time, end_time, created_at, is_private, created_by_user_id, user_id_winner, user_id_1, user_id_2) VALUES (17, 35, '2025-04-27', '2019-05-15', '2021-01-04', 1, 3, 27, 27, 76);
INSERT INTO matchup_comments (id, matchup_id, text, user_id) VALUES (17, 17, 'Tight finish and interesting decisions throughout.', 97);
INSERT INTO spectator (id, matchup_id) VALUES (17, 17);
INSERT INTO spectator_users (spectator_id, user_id) VALUES (17, 51);
INSERT INTO spectator_users (spectator_id, user_id) VALUES (17, 10);
INSERT INTO spectator_users (spectator_id, user_id) VALUES (17, 39);
INSERT INTO move (id, ply, start_x_coordinate, start_y_coordinate, end_x_coordinate, end_y_coordinate) VALUES (66, 1, 3, 6, 5, 6);
INSERT INTO matchup_move (matchup_id, move_id) VALUES (17, 66);
INSERT INTO move (id, ply, start_x_coordinate, start_y_coordinate, end_x_coordinate, end_y_coordinate) VALUES (67, 2, 2, 1, 5, 0);
INSERT INTO matchup_move (matchup_id, move_id) VALUES (17, 67);
INSERT INTO move (id, ply, start_x_coordinate, start_y_coordinate, end_x_coordinate, end_y_coordinate) VALUES (68, 3, 1, 6, 3, 1);
INSERT INTO matchup_move (matchup_id, move_id) VALUES (17, 68);
INSERT INTO matchup (id, game_id, start_time, end_time, created_at, is_private, created_by_user_id, user_id_winner, user_id_1, user_id_2) VALUES (18, 22, '2025-10-14', '2025-11-19', '2023-06-13', 1, 4, 35, 82, 35);
INSERT INTO matchup_comments (id, matchup_id, text, user_id) VALUES (18, 18, 'Tight finish and interesting decisions throughout.', 63);
INSERT INTO spectator (id, matchup_id) VALUES (18, 18);
INSERT INTO spectator_users (spectator_id, user_id) VALUES (18, 46);
INSERT INTO move (id, ply, start_x_coordinate, start_y_coordinate, end_x_coordinate, end_y_coordinate) VALUES (69, 1, 6, 6, 2, 6);
INSERT INTO matchup_move (matchup_id, move_id) VALUES (18, 69);
INSERT INTO move (id, ply, start_x_coordinate, start_y_coordinate, end_x_coordinate, end_y_coordinate) VALUES (70, 2, 1, 4, 3, 1);
INSERT INTO matchup_move (matchup_id, move_id) VALUES (18, 70);
INSERT INTO move (id, ply, start_x_coordinate, start_y_coordinate, end_x_coordinate, end_y_coordinate) VALUES (71, 3, 1, 4, 2, 6);
INSERT INTO matchup_move (matchup_id, move_id) VALUES (18, 71);
INSERT INTO move (id, ply, start_x_coordinate, start_y_coordinate, end_x_coordinate, end_y_coordinate) VALUES (72, 4, 2, 6, 5, 5);
INSERT INTO matchup_move (matchup_id, move_id) VALUES (18, 72);
INSERT INTO move (id, ply, start_x_coordinate, start_y_coordinate, end_x_coordinate, end_y_coordinate) VALUES (73, 5, 1, 1, 0, 4);
INSERT INTO matchup_move (matchup_id, move_id) VALUES (18, 73);
INSERT INTO matchup (id, game_id, start_time, end_time, created_at, is_private, created_by_user_id, user_id_winner, user_id_1, user_id_2) VALUES (19, 29, '2023-01-14', '2022-01-09', '2020-02-23', 0, 12, 56, 24, 56);
INSERT INTO matchup_comments (id, matchup_id, text, user_id) VALUES (19, 19, 'Tight finish and interesting decisions throughout.', 72);
INSERT INTO spectator (id, matchup_id) VALUES (19, 19);
INSERT INTO spectator_users (spectator_id, user_id) VALUES (19, 66);
INSERT INTO spectator_users (spectator_id, user_id) VALUES (19, 53);
INSERT INTO spectator_users (spectator_id, user_id) VALUES (19, 14);
INSERT INTO move (id, ply, start_x_coordinate, start_y_coordinate, end_x_coordinate, end_y_coordinate) VALUES (74, 1, 1, 5, 1, 5);
INSERT INTO matchup_move (matchup_id, move_id) VALUES (19, 74);
INSERT INTO move (id, ply, start_x_coordinate, start_y_coordinate, end_x_coordinate, end_y_coordinate) VALUES (75, 2, 6, 0, 4, 6);
INSERT INTO matchup_move (matchup_id, move_id) VALUES (19, 75);
INSERT INTO move (id, ply, start_x_coordinate, start_y_coordinate, end_x_coordinate, end_y_coordinate) VALUES (76, 3, 6, 1, 3, 2);
INSERT INTO matchup_move (matchup_id, move_id) VALUES (19, 76);
INSERT INTO matchup (id, game_id, start_time, end_time, created_at, is_private, created_by_user_id, user_id_winner, user_id_1, user_id_2) VALUES (20, 44, '2023-04-09', '2020-11-25', '2020-07-22', 1, 39, 35, 35, 64);
INSERT INTO matchup_comments (id, matchup_id, text, user_id) VALUES (20, 20, 'Tight finish and interesting decisions throughout.', 9);
INSERT INTO spectator (id, matchup_id) VALUES (20, 20);
INSERT INTO spectator_users (spectator_id, user_id) VALUES (20, 56);
INSERT INTO move (id, ply, start_x_coordinate, start_y_coordinate, end_x_coordinate, end_y_coordinate) VALUES (77, 1, 6, 4, 7, 1);
INSERT INTO matchup_move (matchup_id, move_id) VALUES (20, 77);
INSERT INTO move (id, ply, start_x_coordinate, start_y_coordinate, end_x_coordinate, end_y_coordinate) VALUES (78, 2, 5, 4, 3, 7);
INSERT INTO matchup_move (matchup_id, move_id) VALUES (20, 78);
INSERT INTO move (id, ply, start_x_coordinate, start_y_coordinate, end_x_coordinate, end_y_coordinate) VALUES (79, 3, 3, 7, 1, 2);
INSERT INTO matchup_move (matchup_id, move_id) VALUES (20, 79);
INSERT INTO move (id, ply, start_x_coordinate, start_y_coordinate, end_x_coordinate, end_y_coordinate) VALUES (80, 4, 4, 0, 6, 5);
INSERT INTO matchup_move (matchup_id, move_id) VALUES (20, 80);
INSERT INTO matchup (id, game_id, start_time, end_time, created_at, is_private, created_by_user_id, user_id_winner, user_id_1, user_id_2) VALUES (21, 40, '2023-04-06', '2022-09-11', '2023-12-09', 1, 56, 84, 84, 77);
INSERT INTO matchup_comments (id, matchup_id, text, user_id) VALUES (21, 21, 'Tight finish and interesting decisions throughout.', 39);
INSERT INTO spectator (id, matchup_id) VALUES (21, 21);
INSERT INTO spectator_users (spectator_id, user_id) VALUES (21, 78);
INSERT INTO spectator_users (spectator_id, user_id) VALUES (21, 89);
INSERT INTO move (id, ply, start_x_coordinate, start_y_coordinate, end_x_coordinate, end_y_coordinate) VALUES (81, 1, 7, 5, 2, 6);
INSERT INTO matchup_move (matchup_id, move_id) VALUES (21, 81);
INSERT INTO move (id, ply, start_x_coordinate, start_y_coordinate, end_x_coordinate, end_y_coordinate) VALUES (82, 2, 5, 4, 7, 3);
INSERT INTO matchup_move (matchup_id, move_id) VALUES (21, 82);
INSERT INTO move (id, ply, start_x_coordinate, start_y_coordinate, end_x_coordinate, end_y_coordinate) VALUES (83, 3, 5, 6, 4, 6);
INSERT INTO matchup_move (matchup_id, move_id) VALUES (21, 83);
INSERT INTO matchup (id, game_id, start_time, end_time, created_at, is_private, created_by_user_id, user_id_winner, user_id_1, user_id_2) VALUES (22, 24, '2020-04-11', '2025-04-28', '2021-03-29', 0, 88, 99, 99, 71);
INSERT INTO matchup_comments (id, matchup_id, text, user_id) VALUES (22, 22, 'Tight finish and interesting decisions throughout.', 94);
INSERT INTO spectator (id, matchup_id) VALUES (22, 22);
INSERT INTO spectator_users (spectator_id, user_id) VALUES (22, 91);
INSERT INTO spectator_users (spectator_id, user_id) VALUES (22, 27);
INSERT INTO move (id, ply, start_x_coordinate, start_y_coordinate, end_x_coordinate, end_y_coordinate) VALUES (84, 1, 4, 1, 6, 7);
INSERT INTO matchup_move (matchup_id, move_id) VALUES (22, 84);
INSERT INTO move (id, ply, start_x_coordinate, start_y_coordinate, end_x_coordinate, end_y_coordinate) VALUES (85, 2, 2, 4, 3, 4);
INSERT INTO matchup_move (matchup_id, move_id) VALUES (22, 85);
INSERT INTO move (id, ply, start_x_coordinate, start_y_coordinate, end_x_coordinate, end_y_coordinate) VALUES (86, 3, 2, 6, 6, 1);
INSERT INTO matchup_move (matchup_id, move_id) VALUES (22, 86);
INSERT INTO move (id, ply, start_x_coordinate, start_y_coordinate, end_x_coordinate, end_y_coordinate) VALUES (87, 4, 7, 7, 6, 6);
INSERT INTO matchup_move (matchup_id, move_id) VALUES (22, 87);
INSERT INTO matchup (id, game_id, start_time, end_time, created_at, is_private, created_by_user_id, user_id_winner, user_id_1, user_id_2) VALUES (23, 35, '2019-05-31', '2023-01-12', '2019-12-15', 0, 99, 85, 32, 85);
INSERT INTO matchup_comments (id, matchup_id, text, user_id) VALUES (23, 23, 'Tight finish and interesting decisions throughout.', 22);
INSERT INTO spectator (id, matchup_id) VALUES (23, 23);
INSERT INTO spectator_users (spectator_id, user_id) VALUES (23, 79);
INSERT INTO spectator_users (spectator_id, user_id) VALUES (23, 6);
INSERT INTO spectator_users (spectator_id, user_id) VALUES (23, 73);
INSERT INTO move (id, ply, start_x_coordinate, start_y_coordinate, end_x_coordinate, end_y_coordinate) VALUES (88, 1, 6, 5, 6, 1);
INSERT INTO matchup_move (matchup_id, move_id) VALUES (23, 88);
INSERT INTO move (id, ply, start_x_coordinate, start_y_coordinate, end_x_coordinate, end_y_coordinate) VALUES (89, 2, 0, 1, 4, 3);
INSERT INTO matchup_move (matchup_id, move_id) VALUES (23, 89);
INSERT INTO move (id, ply, start_x_coordinate, start_y_coordinate, end_x_coordinate, end_y_coordinate) VALUES (90, 3, 3, 7, 5, 6);
INSERT INTO matchup_move (matchup_id, move_id) VALUES (23, 90);
INSERT INTO move (id, ply, start_x_coordinate, start_y_coordinate, end_x_coordinate, end_y_coordinate) VALUES (91, 4, 7, 2, 5, 0);
INSERT INTO matchup_move (matchup_id, move_id) VALUES (23, 91);
INSERT INTO move (id, ply, start_x_coordinate, start_y_coordinate, end_x_coordinate, end_y_coordinate) VALUES (92, 5, 7, 1, 4, 6);
INSERT INTO matchup_move (matchup_id, move_id) VALUES (23, 92);
INSERT INTO matchup (id, game_id, start_time, end_time, created_at, is_private, created_by_user_id, user_id_winner, user_id_1, user_id_2) VALUES (24, 6, '2020-04-20', '2020-08-03', '2022-11-27', 1, 44, 27, 59, 27);
INSERT INTO matchup_comments (id, matchup_id, text, user_id) VALUES (24, 24, 'Tight finish and interesting decisions throughout.', 45);
INSERT INTO spectator (id, matchup_id) VALUES (24, 24);
INSERT INTO spectator_users (spectator_id, user_id) VALUES (24, 13);
INSERT INTO spectator_users (spectator_id, user_id) VALUES (24, 57);
INSERT INTO move (id, ply, start_x_coordinate, start_y_coordinate, end_x_coordinate, end_y_coordinate) VALUES (93, 1, 7, 5, 1, 4);
INSERT INTO matchup_move (matchup_id, move_id) VALUES (24, 93);
INSERT INTO move (id, ply, start_x_coordinate, start_y_coordinate, end_x_coordinate, end_y_coordinate) VALUES (94, 2, 0, 1, 0, 5);
INSERT INTO matchup_move (matchup_id, move_id) VALUES (24, 94);
INSERT INTO move (id, ply, start_x_coordinate, start_y_coordinate, end_x_coordinate, end_y_coordinate) VALUES (95, 3, 1, 2, 3, 2);
INSERT INTO matchup_move (matchup_id, move_id) VALUES (24, 95);
INSERT INTO move (id, ply, start_x_coordinate, start_y_coordinate, end_x_coordinate, end_y_coordinate) VALUES (96, 4, 2, 5, 6, 7);
INSERT INTO matchup_move (matchup_id, move_id) VALUES (24, 96);
INSERT INTO move (id, ply, start_x_coordinate, start_y_coordinate, end_x_coordinate, end_y_coordinate) VALUES (97, 5, 3, 6, 2, 2);
INSERT INTO matchup_move (matchup_id, move_id) VALUES (24, 97);
INSERT INTO matchup (id, game_id, start_time, end_time, created_at, is_private, created_by_user_id, user_id_winner, user_id_1, user_id_2) VALUES (25, 41, '2023-11-06', '2023-06-09', '2019-04-30', 0, 58, 55, 76, 55);
INSERT INTO matchup_comments (id, matchup_id, text, user_id) VALUES (25, 25, 'Tight finish and interesting decisions throughout.', 1);
INSERT INTO spectator (id, matchup_id) VALUES (25, 25);
INSERT INTO spectator_users (spectator_id, user_id) VALUES (25, 28);
INSERT INTO spectator_users (spectator_id, user_id) VALUES (25, 27);
INSERT INTO spectator_users (spectator_id, user_id) VALUES (25, 36);
INSERT INTO move (id, ply, start_x_coordinate, start_y_coordinate, end_x_coordinate, end_y_coordinate) VALUES (98, 1, 1, 1, 2, 5);
INSERT INTO matchup_move (matchup_id, move_id) VALUES (25, 98);
INSERT INTO move (id, ply, start_x_coordinate, start_y_coordinate, end_x_coordinate, end_y_coordinate) VALUES (99, 2, 5, 3, 7, 1);
INSERT INTO matchup_move (matchup_id, move_id) VALUES (25, 99);
INSERT INTO move (id, ply, start_x_coordinate, start_y_coordinate, end_x_coordinate, end_y_coordinate) VALUES (100, 3, 4, 7, 5, 6);
INSERT INTO matchup_move (matchup_id, move_id) VALUES (25, 100);
INSERT INTO move (id, ply, start_x_coordinate, start_y_coordinate, end_x_coordinate, end_y_coordinate) VALUES (101, 4, 6, 1, 5, 5);
INSERT INTO matchup_move (matchup_id, move_id) VALUES (25, 101);
INSERT INTO move (id, ply, start_x_coordinate, start_y_coordinate, end_x_coordinate, end_y_coordinate) VALUES (102, 5, 7, 2, 4, 1);
INSERT INTO matchup_move (matchup_id, move_id) VALUES (25, 102);
INSERT INTO friendship (user_id_1, user_id_2, status, created_at, updated_at) VALUES (87, 18, 1, '2018-04-28', '2020-09-04');
INSERT INTO friendship (user_id_1, user_id_2, status, created_at, updated_at) VALUES (40, 15, 0, '2021-03-10', '2019-08-03');
INSERT INTO friendship (user_id_1, user_id_2, status, created_at, updated_at) VALUES (66, 50, 1, '2018-07-19', '2024-06-12');
INSERT INTO friendship (user_id_1, user_id_2, status, created_at, updated_at) VALUES (50, 55, 0, '2022-06-17', '2024-01-11');
INSERT INTO friendship (user_id_1, user_id_2, status, created_at, updated_at) VALUES (89, 83, 0, '2018-11-15', '2023-06-29');
INSERT INTO friendship (user_id_1, user_id_2, status, created_at, updated_at) VALUES (37, 18, 0, '2020-07-12', '2023-01-22');
INSERT INTO friendship (user_id_1, user_id_2, status, created_at, updated_at) VALUES (80, 7, 1, '2017-02-09', '2023-06-08');
INSERT INTO friendship (user_id_1, user_id_2, status, created_at, updated_at) VALUES (18, 25, 1, '2022-09-02', '2023-07-21');
INSERT INTO friendship (user_id_1, user_id_2, status, created_at, updated_at) VALUES (53, 88, 1, '2021-08-30', '2022-12-24');
INSERT INTO friendship (user_id_1, user_id_2, status, created_at, updated_at) VALUES (63, 22, 0, '2017-05-07', '2020-06-22');
INSERT INTO friendship (user_id_1, user_id_2, status, created_at, updated_at) VALUES (38, 5, 1, '2019-07-10', '2024-01-12');
INSERT INTO friendship (user_id_1, user_id_2, status, created_at, updated_at) VALUES (37, 22, 1, '2022-07-22', '2024-03-01');
INSERT INTO friendship (user_id_1, user_id_2, status, created_at, updated_at) VALUES (66, 15, 2, '2018-04-13', '2021-01-02');
INSERT INTO friendship (user_id_1, user_id_2, status, created_at, updated_at) VALUES (100, 70, 1, '2017-06-20', '2022-12-13');
INSERT INTO friendship (user_id_1, user_id_2, status, created_at, updated_at) VALUES (70, 28, 1, '2018-02-24', '2020-10-10');
INSERT INTO friendship (user_id_1, user_id_2, status, created_at, updated_at) VALUES (39, 5, 1, '2019-12-13', '2021-11-28');
INSERT INTO friendship (user_id_1, user_id_2, status, created_at, updated_at) VALUES (12, 57, 0, '2019-08-29', '2020-05-09');
INSERT INTO friendship (user_id_1, user_id_2, status, created_at, updated_at) VALUES (95, 76, 2, '2020-12-07', '2024-11-04');
INSERT INTO friendship (user_id_1, user_id_2, status, created_at, updated_at) VALUES (81, 55, 0, '2018-07-25', '2020-04-26');
INSERT INTO friendship (user_id_1, user_id_2, status, created_at, updated_at) VALUES (27, 8, 2, '2020-12-07', '2023-12-21');
INSERT INTO friendship (user_id_1, user_id_2, status, created_at, updated_at) VALUES (36, 77, 2, '2018-11-21', '2021-08-18');
INSERT INTO friendship (user_id_1, user_id_2, status, created_at, updated_at) VALUES (91, 38, 1, '2020-01-01', '2023-10-09');
INSERT INTO friendship (user_id_1, user_id_2, status, created_at, updated_at) VALUES (87, 13, 0, '2021-08-13', '2018-08-31');
INSERT INTO friendship (user_id_1, user_id_2, status, created_at, updated_at) VALUES (36, 84, 0, '2018-06-28', '2020-10-19');
INSERT INTO friendship (user_id_1, user_id_2, status, created_at, updated_at) VALUES (19, 92, 1, '2019-10-11', '2022-05-28');
INSERT INTO friendship (user_id_1, user_id_2, status, created_at, updated_at) VALUES (63, 19, 2, '2020-01-06', '2022-08-24');
INSERT INTO friendship (user_id_1, user_id_2, status, created_at, updated_at) VALUES (49, 58, 0, '2018-01-17', '2022-07-09');
INSERT INTO friendship (user_id_1, user_id_2, status, created_at, updated_at) VALUES (66, 96, 1, '2021-02-20', '2023-02-06');
INSERT INTO friendship (user_id_1, user_id_2, status, created_at, updated_at) VALUES (63, 42, 2, '2017-01-11', '2019-01-17');
INSERT INTO friendship (user_id_1, user_id_2, status, created_at, updated_at) VALUES (94, 59, 2, '2021-01-07', '2018-09-17');
INSERT INTO friendship (user_id_1, user_id_2, status, created_at, updated_at) VALUES (69, 51, 0, '2021-10-26', '2020-05-17');
INSERT INTO friendship (user_id_1, user_id_2, status, created_at, updated_at) VALUES (64, 35, 1, '2020-03-07', '2021-10-15');
INSERT INTO friendship (user_id_1, user_id_2, status, created_at, updated_at) VALUES (71, 74, 0, '2022-06-11', '2021-11-08');
INSERT INTO friendship (user_id_1, user_id_2, status, created_at, updated_at) VALUES (88, 98, 0, '2017-07-08', '2019-02-12');
INSERT INTO friendship (user_id_1, user_id_2, status, created_at, updated_at) VALUES (81, 59, 0, '2018-05-24', '2019-10-10');
INSERT INTO friendship (user_id_1, user_id_2, status, created_at, updated_at) VALUES (57, 59, 0, '2021-10-19', '2020-04-08');
INSERT INTO friendship (user_id_1, user_id_2, status, created_at, updated_at) VALUES (89, 17, 2, '2020-05-21', '2019-10-14');
INSERT INTO friendship (user_id_1, user_id_2, status, created_at, updated_at) VALUES (36, 12, 2, '2021-01-16', '2020-10-22');
INSERT INTO friendship (user_id_1, user_id_2, status, created_at, updated_at) VALUES (11, 48, 2, '2018-11-09', '2018-08-01');
INSERT INTO friendship (user_id_1, user_id_2, status, created_at, updated_at) VALUES (51, 81, 1, '2019-08-18', '2022-10-25');
INSERT INTO friendship (user_id_1, user_id_2, status, created_at, updated_at) VALUES (84, 12, 2, '2018-01-25', '2018-01-05');
INSERT INTO friendship (user_id_1, user_id_2, status, created_at, updated_at) VALUES (28, 62, 0, '2018-06-28', '2024-08-28');
INSERT INTO friendship (user_id_1, user_id_2, status, created_at, updated_at) VALUES (29, 67, 2, '2021-12-28', '2018-02-08');
INSERT INTO friendship (user_id_1, user_id_2, status, created_at, updated_at) VALUES (2, 90, 1, '2018-05-09', '2022-09-26');
INSERT INTO friendship (user_id_1, user_id_2, status, created_at, updated_at) VALUES (89, 17, 1, '2017-10-18', '2020-07-26');
INSERT INTO friendship (user_id_1, user_id_2, status, created_at, updated_at) VALUES (50, 12, 2, '2018-02-24', '2019-02-27');
INSERT INTO friendship (user_id_1, user_id_2, status, created_at, updated_at) VALUES (41, 48, 1, '2018-07-16', '2022-04-17');
INSERT INTO friendship (user_id_1, user_id_2, status, created_at, updated_at) VALUES (100, 97, 0, '2018-08-09', '2018-10-08');
INSERT INTO friendship (user_id_1, user_id_2, status, created_at, updated_at) VALUES (68, 73, 0, '2018-11-04', '2022-12-08');
INSERT INTO friendship (user_id_1, user_id_2, status, created_at, updated_at) VALUES (45, 93, 0, '2018-09-13', '2022-08-14');
INSERT INTO friendship (user_id_1, user_id_2, status, created_at, updated_at) VALUES (79, 88, 1, '2019-06-09', '2018-12-22');
INSERT INTO friendship (user_id_1, user_id_2, status, created_at, updated_at) VALUES (13, 18, 0, '2021-04-22', '2021-12-10');
INSERT INTO friendship (user_id_1, user_id_2, status, created_at, updated_at) VALUES (55, 41, 0, '2019-10-12', '2021-02-08');
INSERT INTO friendship (user_id_1, user_id_2, status, created_at, updated_at) VALUES (83, 11, 0, '2020-03-13', '2018-04-20');
INSERT INTO friendship (user_id_1, user_id_2, status, created_at, updated_at) VALUES (85, 39, 0, '2022-10-22', '2024-10-21');
INSERT INTO friendship (user_id_1, user_id_2, status, created_at, updated_at) VALUES (66, 25, 2, '2021-05-24', '2021-04-25');
INSERT INTO friendship (user_id_1, user_id_2, status, created_at, updated_at) VALUES (83, 7, 0, '2022-07-21', '2022-04-30');
INSERT INTO friendship (user_id_1, user_id_2, status, created_at, updated_at) VALUES (15, 31, 1, '2017-10-18', '2023-12-04');
INSERT INTO friendship (user_id_1, user_id_2, status, created_at, updated_at) VALUES (2, 47, 1, '2018-06-25', '2022-05-04');
INSERT INTO friendship (user_id_1, user_id_2, status, created_at, updated_at) VALUES (73, 54, 1, '2018-12-09', '2023-04-14');
INSERT INTO friendship (user_id_1, user_id_2, status, created_at, updated_at) VALUES (99, 10, 0, '2017-10-04', '2018-02-26');
INSERT INTO friendship (user_id_1, user_id_2, status, created_at, updated_at) VALUES (34, 28, 0, '2017-09-05', '2022-06-19');
INSERT INTO friendship (user_id_1, user_id_2, status, created_at, updated_at) VALUES (65, 37, 2, '2022-08-15', '2022-08-29');
INSERT INTO friendship (user_id_1, user_id_2, status, created_at, updated_at) VALUES (55, 90, 1, '2017-12-04', '2024-01-07');
INSERT INTO friendship (user_id_1, user_id_2, status, created_at, updated_at) VALUES (69, 79, 0, '2020-02-11', '2018-12-09');
INSERT INTO friendship (user_id_1, user_id_2, status, created_at, updated_at) VALUES (40, 11, 2, '2019-04-13', '2019-09-29');
INSERT INTO friendship (user_id_1, user_id_2, status, created_at, updated_at) VALUES (69, 42, 1, '2017-09-28', '2021-06-24');
INSERT INTO friendship (user_id_1, user_id_2, status, created_at, updated_at) VALUES (90, 56, 2, '2019-09-05', '2018-08-26');
INSERT INTO friendship (user_id_1, user_id_2, status, created_at, updated_at) VALUES (32, 12, 1, '2018-04-21', '2023-02-01');
INSERT INTO friendship (user_id_1, user_id_2, status, created_at, updated_at) VALUES (79, 78, 0, '2020-06-20', '2019-12-21');
INSERT INTO friendship (user_id_1, user_id_2, status, created_at, updated_at) VALUES (16, 2, 2, '2018-07-17', '2018-02-16');
INSERT INTO friendship (user_id_1, user_id_2, status, created_at, updated_at) VALUES (21, 64, 1, '2022-11-13', '2023-10-20');
INSERT INTO friendship (user_id_1, user_id_2, status, created_at, updated_at) VALUES (93, 34, 0, '2021-03-04', '2019-06-04');
INSERT INTO friendship (user_id_1, user_id_2, status, created_at, updated_at) VALUES (96, 100, 1, '2018-04-29', '2018-05-01');
INSERT INTO friendship (user_id_1, user_id_2, status, created_at, updated_at) VALUES (43, 55, 1, '2022-11-16', '2018-09-19');
INSERT INTO friendship (user_id_1, user_id_2, status, created_at, updated_at) VALUES (34, 92, 2, '2017-11-12', '2023-07-26');
INSERT INTO friendship (user_id_1, user_id_2, status, created_at, updated_at) VALUES (59, 66, 1, '2017-08-16', '2023-08-09');
INSERT INTO friendship (user_id_1, user_id_2, status, created_at, updated_at) VALUES (73, 22, 1, '2018-10-07', '2020-11-10');
INSERT INTO friendship (user_id_1, user_id_2, status, created_at, updated_at) VALUES (99, 14, 2, '2018-04-18', '2020-07-24');
INSERT INTO friendship (user_id_1, user_id_2, status, created_at, updated_at) VALUES (95, 66, 0, '2017-06-30', '2018-02-20');
INSERT INTO friendship (user_id_1, user_id_2, status, created_at, updated_at) VALUES (32, 6, 1, '2021-01-30', '2022-04-18');
INSERT INTO friendship (user_id_1, user_id_2, status, created_at, updated_at) VALUES (20, 23, 0, '2021-09-14', '2020-07-08');
INSERT INTO friendship (user_id_1, user_id_2, status, created_at, updated_at) VALUES (42, 32, 1, '2020-08-03', '2021-01-16');
INSERT INTO friendship (user_id_1, user_id_2, status, created_at, updated_at) VALUES (10, 74, 1, '2018-05-05', '2023-08-19');
INSERT INTO friendship (user_id_1, user_id_2, status, created_at, updated_at) VALUES (87, 7, 0, '2019-07-04', '2023-10-14');
INSERT INTO friendship (user_id_1, user_id_2, status, created_at, updated_at) VALUES (6, 52, 0, '2022-03-21', '2021-03-02');
INSERT INTO friendship (user_id_1, user_id_2, status, created_at, updated_at) VALUES (100, 40, 1, '2017-12-20', '2024-03-15');
INSERT INTO friendship (user_id_1, user_id_2, status, created_at, updated_at) VALUES (59, 2, 1, '2019-04-02', '2021-04-09');
INSERT INTO friendship (user_id_1, user_id_2, status, created_at, updated_at) VALUES (73, 39, 2, '2019-09-21', '2023-03-16');
INSERT INTO friendship (user_id_1, user_id_2, status, created_at, updated_at) VALUES (48, 76, 1, '2019-03-12', '2024-02-17');
INSERT INTO friendship (user_id_1, user_id_2, status, created_at, updated_at) VALUES (98, 32, 0, '2017-01-27', '2022-08-07');
INSERT INTO friendship (user_id_1, user_id_2, status, created_at, updated_at) VALUES (4, 30, 2, '2020-11-19', '2018-02-09');
INSERT INTO friendship (user_id_1, user_id_2, status, created_at, updated_at) VALUES (43, 1, 2, '2021-03-22', '2021-06-13');
INSERT INTO friendship (user_id_1, user_id_2, status, created_at, updated_at) VALUES (14, 27, 2, '2019-09-03', '2022-09-16');
INSERT INTO friendship (user_id_1, user_id_2, status, created_at, updated_at) VALUES (63, 8, 0, '2020-02-21', '2019-01-17');
INSERT INTO friendship (user_id_1, user_id_2, status, created_at, updated_at) VALUES (6, 30, 2, '2021-08-19', '2022-03-06');
INSERT INTO friendship (user_id_1, user_id_2, status, created_at, updated_at) VALUES (59, 96, 0, '2018-01-27', '2023-09-02');
INSERT INTO friendship (user_id_1, user_id_2, status, created_at, updated_at) VALUES (18, 82, 1, '2017-11-03', '2024-08-21');
INSERT INTO friendship (user_id_1, user_id_2, status, created_at, updated_at) VALUES (73, 8, 1, '2018-06-20', '2020-08-27');
INSERT INTO friendship (user_id_1, user_id_2, status, created_at, updated_at) VALUES (38, 34, 1, '2021-05-29', '2021-08-29');
INSERT INTO friendship (user_id_1, user_id_2, status, created_at, updated_at) VALUES (41, 58, 1, '2019-08-15', '2018-11-02');
INSERT INTO friendship (user_id_1, user_id_2, status, created_at, updated_at) VALUES (26, 18, 2, '2018-03-23', '2019-09-29');
INSERT INTO friendship (user_id_1, user_id_2, status, created_at, updated_at) VALUES (14, 22, 1, '2022-03-24', '2021-07-10');
INSERT INTO friendship (user_id_1, user_id_2, status, created_at, updated_at) VALUES (53, 16, 2, '2021-01-07', '2020-04-30');
INSERT INTO friendship (user_id_1, user_id_2, status, created_at, updated_at) VALUES (58, 40, 1, '2019-12-22', '2019-05-07');
INSERT INTO friendship (user_id_1, user_id_2, status, created_at, updated_at) VALUES (12, 21, 2, '2020-05-31', '2024-10-07');
INSERT INTO friendship (user_id_1, user_id_2, status, created_at, updated_at) VALUES (6, 28, 1, '2018-08-31', '2019-01-09');
INSERT INTO friendship (user_id_1, user_id_2, status, created_at, updated_at) VALUES (92, 32, 1, '2021-06-12', '2023-10-05');
INSERT INTO friendship (user_id_1, user_id_2, status, created_at, updated_at) VALUES (7, 87, 1, '2019-12-02', '2019-12-14');
INSERT INTO friendship (user_id_1, user_id_2, status, created_at, updated_at) VALUES (4, 52, 1, '2019-10-21', '2019-01-23');
INSERT INTO friendship (user_id_1, user_id_2, status, created_at, updated_at) VALUES (60, 14, 0, '2018-05-13', '2018-02-18');
INSERT INTO friendship (user_id_1, user_id_2, status, created_at, updated_at) VALUES (8, 100, 0, '2018-06-20', '2020-03-22');
INSERT INTO friendship (user_id_1, user_id_2, status, created_at, updated_at) VALUES (52, 48, 2, '2017-12-11', '2024-07-13');
INSERT INTO friendship (user_id_1, user_id_2, status, created_at, updated_at) VALUES (76, 34, 0, '2017-03-31', '2018-09-22');
INSERT INTO friendship (user_id_1, user_id_2, status, created_at, updated_at) VALUES (26, 83, 1, '2018-06-12', '2019-01-12');
INSERT INTO friendship (user_id_1, user_id_2, status, created_at, updated_at) VALUES (43, 16, 0, '2022-03-04', '2018-07-27');
INSERT INTO friendship (user_id_1, user_id_2, status, created_at, updated_at) VALUES (22, 74, 1, '2021-06-06', '2023-07-26');
INSERT INTO friendship (user_id_1, user_id_2, status, created_at, updated_at) VALUES (4, 49, 2, '2021-10-14', '2019-12-09');
INSERT INTO friendship (user_id_1, user_id_2, status, created_at, updated_at) VALUES (46, 28, 0, '2020-02-01', '2021-02-20');
INSERT INTO friendship (user_id_1, user_id_2, status, created_at, updated_at) VALUES (58, 20, 0, '2019-10-04', '2021-04-23');
INSERT INTO friendship (user_id_1, user_id_2, status, created_at, updated_at) VALUES (64, 53, 2, '2022-05-17', '2018-09-07');
INSERT INTO friendship (user_id_1, user_id_2, status, created_at, updated_at) VALUES (12, 36, 1, '2018-07-17', '2022-09-14');
INSERT INTO friendship (user_id_1, user_id_2, status, created_at, updated_at) VALUES (26, 83, 2, '2019-10-18', '2024-02-05');
INSERT INTO friendship (user_id_1, user_id_2, status, created_at, updated_at) VALUES (3, 49, 2, '2021-01-10', '2023-05-19');
INSERT INTO friendship (user_id_1, user_id_2, status, created_at, updated_at) VALUES (70, 63, 1, '2022-08-20', '2021-08-10');
INSERT INTO friendship (user_id_1, user_id_2, status, created_at, updated_at) VALUES (50, 35, 0, '2017-04-17', '2021-07-30');
INSERT INTO friendship (user_id_1, user_id_2, status, created_at, updated_at) VALUES (77, 29, 0, '2020-02-25', '2018-08-28');
INSERT INTO friendship (user_id_1, user_id_2, status, created_at, updated_at) VALUES (61, 68, 1, '2019-08-12', '2019-10-16');
INSERT INTO friendship (user_id_1, user_id_2, status, created_at, updated_at) VALUES (13, 32, 2, '2019-09-15', '2020-12-27');
INSERT INTO friendship (user_id_1, user_id_2, status, created_at, updated_at) VALUES (69, 95, 0, '2019-06-18', '2024-06-16');
INSERT INTO friendship (user_id_1, user_id_2, status, created_at, updated_at) VALUES (50, 46, 0, '2018-12-23', '2020-08-26');
INSERT INTO friendship (user_id_1, user_id_2, status, created_at, updated_at) VALUES (76, 41, 2, '2021-01-09', '2024-08-20');
INSERT INTO friendship (user_id_1, user_id_2, status, created_at, updated_at) VALUES (4, 91, 2, '2020-12-11', '2024-05-14');
INSERT INTO friendship (user_id_1, user_id_2, status, created_at, updated_at) VALUES (73, 19, 2, '2019-02-11', '2023-07-10');
INSERT INTO friendship (user_id_1, user_id_2, status, created_at, updated_at) VALUES (70, 40, 0, '2022-07-02', '2018-06-05');
INSERT INTO friendship (user_id_1, user_id_2, status, created_at, updated_at) VALUES (12, 8, 0, '2019-06-16', '2018-03-23');
INSERT INTO friendship (user_id_1, user_id_2, status, created_at, updated_at) VALUES (68, 62, 0, '2020-09-20', '2024-11-20');
INSERT INTO friendship (user_id_1, user_id_2, status, created_at, updated_at) VALUES (26, 17, 1, '2018-12-28', '2021-08-18');
INSERT INTO friendship (user_id_1, user_id_2, status, created_at, updated_at) VALUES (8, 3, 0, '2018-08-04', '2019-03-31');
INSERT INTO friendship (user_id_1, user_id_2, status, created_at, updated_at) VALUES (68, 47, 0, '2021-03-11', '2022-06-09');
INSERT INTO friendship (user_id_1, user_id_2, status, created_at, updated_at) VALUES (76, 13, 1, '2020-05-21', '2021-08-14');
INSERT INTO friendship (user_id_1, user_id_2, status, created_at, updated_at) VALUES (18, 21, 2, '2021-11-25', '2023-06-19');
INSERT INTO friendship (user_id_1, user_id_2, status, created_at, updated_at) VALUES (84, 41, 0, '2021-01-01', '2020-07-03');
INSERT INTO friendship (user_id_1, user_id_2, status, created_at, updated_at) VALUES (86, 76, 0, '2021-03-30', '2021-06-10');
INSERT INTO friendship (user_id_1, user_id_2, status, created_at, updated_at) VALUES (94, 89, 1, '2018-06-06', '2019-12-29');
INSERT INTO friendship (user_id_1, user_id_2, status, created_at, updated_at) VALUES (94, 1, 2, '2021-05-23', '2024-05-13');
INSERT INTO friendship (user_id_1, user_id_2, status, created_at, updated_at) VALUES (5, 24, 2, '2020-07-27', '2024-11-09');
INSERT INTO friendship (user_id_1, user_id_2, status, created_at, updated_at) VALUES (29, 82, 2, '2018-03-03', '2023-07-26');
INSERT INTO friendship (user_id_1, user_id_2, status, created_at, updated_at) VALUES (19, 43, 2, '2017-11-15', '2020-09-01');
INSERT INTO friendship (user_id_1, user_id_2, status, created_at, updated_at) VALUES (45, 41, 0, '2017-12-30', '2021-10-07');
INSERT INTO message (user_id_1, user_id_2, text, timestamp) VALUES (58, 2, 'Anyone tried the new expansion? Thoughts?', CURRENT_TIMESTAMP);
INSERT INTO message (user_id_1, user_id_2, text, timestamp) VALUES (27, 32, 'Up for a game tonight?', CURRENT_TIMESTAMP);
INSERT INTO message (user_id_1, user_id_2, text, timestamp) VALUES (45, 33, 'Up for a game tonight?', CURRENT_TIMESTAMP);
INSERT INTO message (user_id_1, user_id_2, text, timestamp) VALUES (93, 1, 'Up for a game tonight?', CURRENT_TIMESTAMP);
INSERT INTO message (user_id_1, user_id_2, text, timestamp) VALUES (50, 57, 'Selling an extra copy if anyone is interested.', CURRENT_TIMESTAMP);
INSERT INTO message (user_id_1, user_id_2, text, timestamp) VALUES (22, 53, 'Selling an extra copy if anyone is interested.', CURRENT_TIMESTAMP);
INSERT INTO message (user_id_1, user_id_2, text, timestamp) VALUES (49, 45, 'Meetup at 7pm at the usual place.', CURRENT_TIMESTAMP);
INSERT INTO message (user_id_1, user_id_2, text, timestamp) VALUES (49, 13, 'Selling an extra copy if anyone is interested.', CURRENT_TIMESTAMP);
INSERT INTO message (user_id_1, user_id_2, text, timestamp) VALUES (74, 84, 'Great match earlier — rematch soon?', CURRENT_TIMESTAMP);
INSERT INTO message (user_id_1, user_id_2, text, timestamp) VALUES (21, 58, 'Up for a game tonight?', CURRENT_TIMESTAMP);
INSERT INTO message (user_id_1, user_id_2, text, timestamp) VALUES (5, 38, 'Up for a game tonight?', CURRENT_TIMESTAMP);
INSERT INTO message (user_id_1, user_id_2, text, timestamp) VALUES (41, 34, 'Up for a game tonight?', CURRENT_TIMESTAMP);
INSERT INTO message (user_id_1, user_id_2, text, timestamp) VALUES (10, 44, 'Great match earlier — rematch soon?', CURRENT_TIMESTAMP);
INSERT INTO message (user_id_1, user_id_2, text, timestamp) VALUES (49, 21, 'Up for a game tonight?', CURRENT_TIMESTAMP);
INSERT INTO message (user_id_1, user_id_2, text, timestamp) VALUES (71, 12, 'Anyone tried the new expansion? Thoughts?', CURRENT_TIMESTAMP);
INSERT INTO message (user_id_1, user_id_2, text, timestamp) VALUES (77, 79, 'Selling an extra copy if anyone is interested.', CURRENT_TIMESTAMP);
INSERT INTO message (user_id_1, user_id_2, text, timestamp) VALUES (91, 4, 'Selling an extra copy if anyone is interested.', CURRENT_TIMESTAMP);
INSERT INTO message (user_id_1, user_id_2, text, timestamp) VALUES (84, 22, 'Meetup at 7pm at the usual place.', CURRENT_TIMESTAMP);
INSERT INTO message (user_id_1, user_id_2, text, timestamp) VALUES (56, 21, 'Up for a game tonight?', CURRENT_TIMESTAMP);
INSERT INTO message (user_id_1, user_id_2, text, timestamp) VALUES (13, 43, 'Great match earlier — rematch soon?', CURRENT_TIMESTAMP);
INSERT INTO message (user_id_1, user_id_2, text, timestamp) VALUES (25, 53, 'Meetup at 7pm at the usual place.', CURRENT_TIMESTAMP);
INSERT INTO message (user_id_1, user_id_2, text, timestamp) VALUES (93, 94, 'Meetup at 7pm at the usual place.', CURRENT_TIMESTAMP);
INSERT INTO message (user_id_1, user_id_2, text, timestamp) VALUES (34, 85, 'Anyone tried the new expansion? Thoughts?', CURRENT_TIMESTAMP);
INSERT INTO message (user_id_1, user_id_2, text, timestamp) VALUES (39, 31, 'Up for a game tonight?', CURRENT_TIMESTAMP);
INSERT INTO message (user_id_1, user_id_2, text, timestamp) VALUES (7, 51, 'Meetup at 7pm at the usual place.', CURRENT_TIMESTAMP);
INSERT INTO message (user_id_1, user_id_2, text, timestamp) VALUES (71, 63, 'Great match earlier — rematch soon?', CURRENT_TIMESTAMP);
INSERT INTO message (user_id_1, user_id_2, text, timestamp) VALUES (7, 47, 'Up for a game tonight?', CURRENT_TIMESTAMP);
INSERT INTO message (user_id_1, user_id_2, text, timestamp) VALUES (55, 12, 'Anyone tried the new expansion? Thoughts?', CURRENT_TIMESTAMP);
INSERT INTO message (user_id_1, user_id_2, text, timestamp) VALUES (85, 81, 'Meetup at 7pm at the usual place.', CURRENT_TIMESTAMP);
INSERT INTO message (user_id_1, user_id_2, text, timestamp) VALUES (62, 26, 'Up for a game tonight?', CURRENT_TIMESTAMP);
INSERT INTO message (user_id_1, user_id_2, text, timestamp) VALUES (4, 27, 'Great match earlier — rematch soon?', CURRENT_TIMESTAMP);
INSERT INTO message (user_id_1, user_id_2, text, timestamp) VALUES (82, 38, 'Up for a game tonight?', CURRENT_TIMESTAMP);
INSERT INTO message (user_id_1, user_id_2, text, timestamp) VALUES (61, 15, 'Anyone tried the new expansion? Thoughts?', CURRENT_TIMESTAMP);
INSERT INTO message (user_id_1, user_id_2, text, timestamp) VALUES (51, 61, 'Selling an extra copy if anyone is interested.', CURRENT_TIMESTAMP);
INSERT INTO message (user_id_1, user_id_2, text, timestamp) VALUES (85, 34, 'Up for a game tonight?', CURRENT_TIMESTAMP);
INSERT INTO message (user_id_1, user_id_2, text, timestamp) VALUES (83, 70, 'Selling an extra copy if anyone is interested.', CURRENT_TIMESTAMP);
INSERT INTO message (user_id_1, user_id_2, text, timestamp) VALUES (24, 48, 'Selling an extra copy if anyone is interested.', CURRENT_TIMESTAMP);
INSERT INTO message (user_id_1, user_id_2, text, timestamp) VALUES (48, 24, 'Selling an extra copy if anyone is interested.', CURRENT_TIMESTAMP);
INSERT INTO message (user_id_1, user_id_2, text, timestamp) VALUES (6, 34, 'Selling an extra copy if anyone is interested.', CURRENT_TIMESTAMP);
INSERT INTO message (user_id_1, user_id_2, text, timestamp) VALUES (60, 34, 'Great match earlier — rematch soon?', CURRENT_TIMESTAMP);
INSERT INTO message (user_id_1, user_id_2, text, timestamp) VALUES (35, 73, 'Up for a game tonight?', CURRENT_TIMESTAMP);
INSERT INTO message (user_id_1, user_id_2, text, timestamp) VALUES (20, 97, 'Up for a game tonight?', CURRENT_TIMESTAMP);
INSERT INTO message (user_id_1, user_id_2, text, timestamp) VALUES (11, 86, 'Anyone tried the new expansion? Thoughts?', CURRENT_TIMESTAMP);
INSERT INTO message (user_id_1, user_id_2, text, timestamp) VALUES (70, 53, 'Meetup at 7pm at the usual place.', CURRENT_TIMESTAMP);
INSERT INTO message (user_id_1, user_id_2, text, timestamp) VALUES (30, 71, 'Up for a game tonight?', CURRENT_TIMESTAMP);
INSERT INTO message (user_id_1, user_id_2, text, timestamp) VALUES (50, 67, 'Selling an extra copy if anyone is interested.', CURRENT_TIMESTAMP);
INSERT INTO message (user_id_1, user_id_2, text, timestamp) VALUES (69, 88, 'Selling an extra copy if anyone is interested.', CURRENT_TIMESTAMP);
INSERT INTO message (user_id_1, user_id_2, text, timestamp) VALUES (74, 31, 'Selling an extra copy if anyone is interested.', CURRENT_TIMESTAMP);
INSERT INTO message (user_id_1, user_id_2, text, timestamp) VALUES (39, 11, 'Selling an extra copy if anyone is interested.', CURRENT_TIMESTAMP);
INSERT INTO message (user_id_1, user_id_2, text, timestamp) VALUES (92, 5, 'Meetup at 7pm at the usual place.', CURRENT_TIMESTAMP);
INSERT INTO message (user_id_1, user_id_2, text, timestamp) VALUES (74, 67, 'Meetup at 7pm at the usual place.', CURRENT_TIMESTAMP);
INSERT INTO message (user_id_1, user_id_2, text, timestamp) VALUES (87, 80, 'Great match earlier — rematch soon?', CURRENT_TIMESTAMP);
INSERT INTO message (user_id_1, user_id_2, text, timestamp) VALUES (16, 97, 'Selling an extra copy if anyone is interested.', CURRENT_TIMESTAMP);
INSERT INTO message (user_id_1, user_id_2, text, timestamp) VALUES (23, 22, 'Great match earlier — rematch soon?', CURRENT_TIMESTAMP);
INSERT INTO message (user_id_1, user_id_2, text, timestamp) VALUES (25, 17, 'Up for a game tonight?', CURRENT_TIMESTAMP);
INSERT INTO message (user_id_1, user_id_2, text, timestamp) VALUES (55, 11, 'Selling an extra copy if anyone is interested.', CURRENT_TIMESTAMP);
INSERT INTO message (user_id_1, user_id_2, text, timestamp) VALUES (26, 81, 'Great match earlier — rematch soon?', CURRENT_TIMESTAMP);
INSERT INTO message (user_id_1, user_id_2, text, timestamp) VALUES (77, 34, 'Anyone tried the new expansion? Thoughts?', CURRENT_TIMESTAMP);
INSERT INTO message (user_id_1, user_id_2, text, timestamp) VALUES (94, 9, 'Up for a game tonight?', CURRENT_TIMESTAMP);
INSERT INTO message (user_id_1, user_id_2, text, timestamp) VALUES (50, 72, 'Selling an extra copy if anyone is interested.', CURRENT_TIMESTAMP);
INSERT INTO message (user_id_1, user_id_2, text, timestamp) VALUES (71, 42, 'Anyone tried the new expansion? Thoughts?', CURRENT_TIMESTAMP);
INSERT INTO message (user_id_1, user_id_2, text, timestamp) VALUES (67, 59, 'Up for a game tonight?', CURRENT_TIMESTAMP);
INSERT INTO message (user_id_1, user_id_2, text, timestamp) VALUES (90, 80, 'Meetup at 7pm at the usual place.', CURRENT_TIMESTAMP);
INSERT INTO message (user_id_1, user_id_2, text, timestamp) VALUES (67, 54, 'Up for a game tonight?', CURRENT_TIMESTAMP);
INSERT INTO message (user_id_1, user_id_2, text, timestamp) VALUES (54, 20, 'Great match earlier — rematch soon?', CURRENT_TIMESTAMP);
INSERT INTO message (user_id_1, user_id_2, text, timestamp) VALUES (73, 76, 'Meetup at 7pm at the usual place.', CURRENT_TIMESTAMP);
INSERT INTO message (user_id_1, user_id_2, text, timestamp) VALUES (98, 13, 'Up for a game tonight?', CURRENT_TIMESTAMP);
INSERT INTO message (user_id_1, user_id_2, text, timestamp) VALUES (73, 100, 'Up for a game tonight?', CURRENT_TIMESTAMP);
INSERT INTO message (user_id_1, user_id_2, text, timestamp) VALUES (37, 69, 'Anyone tried the new expansion? Thoughts?', CURRENT_TIMESTAMP);
INSERT INTO message (user_id_1, user_id_2, text, timestamp) VALUES (53, 34, 'Selling an extra copy if anyone is interested.', CURRENT_TIMESTAMP);
INSERT INTO message (user_id_1, user_id_2, text, timestamp) VALUES (84, 63, 'Meetup at 7pm at the usual place.', CURRENT_TIMESTAMP);
INSERT INTO message (user_id_1, user_id_2, text, timestamp) VALUES (78, 61, 'Up for a game tonight?', CURRENT_TIMESTAMP);
INSERT INTO message (user_id_1, user_id_2, text, timestamp) VALUES (23, 36, 'Selling an extra copy if anyone is interested.', CURRENT_TIMESTAMP);
INSERT INTO message (user_id_1, user_id_2, text, timestamp) VALUES (19, 80, 'Meetup at 7pm at the usual place.', CURRENT_TIMESTAMP);
INSERT INTO message (user_id_1, user_id_2, text, timestamp) VALUES (88, 89, 'Selling an extra copy if anyone is interested.', CURRENT_TIMESTAMP);
INSERT INTO message (user_id_1, user_id_2, text, timestamp) VALUES (5, 51, 'Anyone tried the new expansion? Thoughts?', CURRENT_TIMESTAMP);
INSERT INTO message (user_id_1, user_id_2, text, timestamp) VALUES (89, 31, 'Up for a game tonight?', CURRENT_TIMESTAMP);
INSERT INTO message (user_id_1, user_id_2, text, timestamp) VALUES (96, 61, 'Anyone tried the new expansion? Thoughts?', CURRENT_TIMESTAMP);
INSERT INTO message (user_id_1, user_id_2, text, timestamp) VALUES (48, 3, 'Anyone tried the new expansion? Thoughts?', CURRENT_TIMESTAMP);
INSERT INTO message (user_id_1, user_id_2, text, timestamp) VALUES (39, 40, 'Anyone tried the new expansion? Thoughts?', CURRENT_TIMESTAMP);
INSERT INTO message (user_id_1, user_id_2, text, timestamp) VALUES (63, 90, 'Up for a game tonight?', CURRENT_TIMESTAMP);
INSERT INTO message (user_id_1, user_id_2, text, timestamp) VALUES (30, 18, 'Anyone tried the new expansion? Thoughts?', CURRENT_TIMESTAMP);
INSERT INTO message (user_id_1, user_id_2, text, timestamp) VALUES (96, 57, 'Anyone tried the new expansion? Thoughts?', CURRENT_TIMESTAMP);
INSERT INTO message (user_id_1, user_id_2, text, timestamp) VALUES (35, 94, 'Selling an extra copy if anyone is interested.', CURRENT_TIMESTAMP);
INSERT INTO message (user_id_1, user_id_2, text, timestamp) VALUES (78, 83, 'Up for a game tonight?', CURRENT_TIMESTAMP);
INSERT INTO message (user_id_1, user_id_2, text, timestamp) VALUES (25, 57, 'Great match earlier — rematch soon?', CURRENT_TIMESTAMP);
INSERT INTO message (user_id_1, user_id_2, text, timestamp) VALUES (53, 95, 'Selling an extra copy if anyone is interested.', CURRENT_TIMESTAMP);
INSERT INTO message (user_id_1, user_id_2, text, timestamp) VALUES (98, 67, 'Anyone tried the new expansion? Thoughts?', CURRENT_TIMESTAMP);
INSERT INTO message (user_id_1, user_id_2, text, timestamp) VALUES (8, 66, 'Great match earlier — rematch soon?', CURRENT_TIMESTAMP);
INSERT INTO message (user_id_1, user_id_2, text, timestamp) VALUES (9, 40, 'Meetup at 7pm at the usual place.', CURRENT_TIMESTAMP);
INSERT INTO message (user_id_1, user_id_2, text, timestamp) VALUES (52, 18, 'Meetup at 7pm at the usual place.', CURRENT_TIMESTAMP);
INSERT INTO message (user_id_1, user_id_2, text, timestamp) VALUES (73, 4, 'Great match earlier — rematch soon?', CURRENT_TIMESTAMP);
INSERT INTO message (user_id_1, user_id_2, text, timestamp) VALUES (25, 26, 'Up for a game tonight?', CURRENT_TIMESTAMP);
INSERT INTO message (user_id_1, user_id_2, text, timestamp) VALUES (32, 5, 'Selling an extra copy if anyone is interested.', CURRENT_TIMESTAMP);
INSERT INTO message (user_id_1, user_id_2, text, timestamp) VALUES (7, 47, 'Great match earlier — rematch soon?', CURRENT_TIMESTAMP);
INSERT INTO message (user_id_1, user_id_2, text, timestamp) VALUES (36, 48, 'Selling an extra copy if anyone is interested.', CURRENT_TIMESTAMP);
INSERT INTO message (user_id_1, user_id_2, text, timestamp) VALUES (65, 51, 'Up for a game tonight?', CURRENT_TIMESTAMP);
INSERT INTO message (user_id_1, user_id_2, text, timestamp) VALUES (88, 4, 'Great match earlier — rematch soon?', CURRENT_TIMESTAMP);
INSERT INTO message (user_id_1, user_id_2, text, timestamp) VALUES (48, 63, 'Meetup at 7pm at the usual place.', CURRENT_TIMESTAMP);
INSERT INTO message (user_id_1, user_id_2, text, timestamp) VALUES (58, 23, 'Selling an extra copy if anyone is interested.', CURRENT_TIMESTAMP);
INSERT INTO message (user_id_1, user_id_2, text, timestamp) VALUES (76, 71, 'Anyone tried the new expansion? Thoughts?', CURRENT_TIMESTAMP);
INSERT INTO message (user_id_1, user_id_2, text, timestamp) VALUES (45, 21, 'Anyone tried the new expansion? Thoughts?', CURRENT_TIMESTAMP);
INSERT INTO message (user_id_1, user_id_2, text, timestamp) VALUES (96, 89, 'Up for a game tonight?', CURRENT_TIMESTAMP);
INSERT INTO message (user_id_1, user_id_2, text, timestamp) VALUES (37, 4, 'Selling an extra copy if anyone is interested.', CURRENT_TIMESTAMP);
INSERT INTO message (user_id_1, user_id_2, text, timestamp) VALUES (7, 21, 'Meetup at 7pm at the usual place.', CURRENT_TIMESTAMP);
INSERT INTO message (user_id_1, user_id_2, text, timestamp) VALUES (100, 28, 'Great match earlier — rematch soon?', CURRENT_TIMESTAMP);
INSERT INTO message (user_id_1, user_id_2, text, timestamp) VALUES (83, 29, 'Great match earlier — rematch soon?', CURRENT_TIMESTAMP);
INSERT INTO message (user_id_1, user_id_2, text, timestamp) VALUES (35, 84, 'Selling an extra copy if anyone is interested.', CURRENT_TIMESTAMP);
INSERT INTO message (user_id_1, user_id_2, text, timestamp) VALUES (66, 3, 'Up for a game tonight?', CURRENT_TIMESTAMP);
INSERT INTO message (user_id_1, user_id_2, text, timestamp) VALUES (61, 17, 'Great match earlier — rematch soon?', CURRENT_TIMESTAMP);
INSERT INTO message (user_id_1, user_id_2, text, timestamp) VALUES (77, 2, 'Great match earlier — rematch soon?', CURRENT_TIMESTAMP);
INSERT INTO message (user_id_1, user_id_2, text, timestamp) VALUES (33, 78, 'Anyone tried the new expansion? Thoughts?', CURRENT_TIMESTAMP);
INSERT INTO message (user_id_1, user_id_2, text, timestamp) VALUES (92, 91, 'Anyone tried the new expansion? Thoughts?', CURRENT_TIMESTAMP);
INSERT INTO message (user_id_1, user_id_2, text, timestamp) VALUES (55, 49, 'Anyone tried the new expansion? Thoughts?', CURRENT_TIMESTAMP);
INSERT INTO message (user_id_1, user_id_2, text, timestamp) VALUES (59, 33, 'Great match earlier — rematch soon?', CURRENT_TIMESTAMP);
INSERT INTO message (user_id_1, user_id_2, text, timestamp) VALUES (60, 39, 'Meetup at 7pm at the usual place.', CURRENT_TIMESTAMP);
INSERT INTO message (user_id_1, user_id_2, text, timestamp) VALUES (80, 51, 'Meetup at 7pm at the usual place.', CURRENT_TIMESTAMP);
INSERT INTO message (user_id_1, user_id_2, text, timestamp) VALUES (14, 1, 'Meetup at 7pm at the usual place.', CURRENT_TIMESTAMP);
INSERT INTO message (user_id_1, user_id_2, text, timestamp) VALUES (85, 48, 'Meetup at 7pm at the usual place.', CURRENT_TIMESTAMP);
INSERT INTO message (user_id_1, user_id_2, text, timestamp) VALUES (83, 77, 'Meetup at 7pm at the usual place.', CURRENT_TIMESTAMP);
INSERT INTO message (user_id_1, user_id_2, text, timestamp) VALUES (37, 39, 'Up for a game tonight?', CURRENT_TIMESTAMP);
INSERT INTO message (user_id_1, user_id_2, text, timestamp) VALUES (62, 9, 'Anyone tried the new expansion? Thoughts?', CURRENT_TIMESTAMP);
INSERT INTO message (user_id_1, user_id_2, text, timestamp) VALUES (36, 82, 'Anyone tried the new expansion? Thoughts?', CURRENT_TIMESTAMP);
INSERT INTO message (user_id_1, user_id_2, text, timestamp) VALUES (36, 34, 'Anyone tried the new expansion? Thoughts?', CURRENT_TIMESTAMP);
INSERT INTO message (user_id_1, user_id_2, text, timestamp) VALUES (25, 20, 'Meetup at 7pm at the usual place.', CURRENT_TIMESTAMP);
INSERT INTO message (user_id_1, user_id_2, text, timestamp) VALUES (98, 31, 'Up for a game tonight?', CURRENT_TIMESTAMP);
INSERT INTO message (user_id_1, user_id_2, text, timestamp) VALUES (77, 52, 'Anyone tried the new expansion? Thoughts?', CURRENT_TIMESTAMP);
INSERT INTO message (user_id_1, user_id_2, text, timestamp) VALUES (88, 18, 'Up for a game tonight?', CURRENT_TIMESTAMP);
INSERT INTO message (user_id_1, user_id_2, text, timestamp) VALUES (84, 64, 'Anyone tried the new expansion? Thoughts?', CURRENT_TIMESTAMP);
INSERT INTO message (user_id_1, user_id_2, text, timestamp) VALUES (34, 54, 'Selling an extra copy if anyone is interested.', CURRENT_TIMESTAMP);
INSERT INTO message (user_id_1, user_id_2, text, timestamp) VALUES (50, 95, 'Up for a game tonight?', CURRENT_TIMESTAMP);
INSERT INTO message (user_id_1, user_id_2, text, timestamp) VALUES (75, 91, 'Meetup at 7pm at the usual place.', CURRENT_TIMESTAMP);
INSERT INTO message (user_id_1, user_id_2, text, timestamp) VALUES (25, 44, 'Great match earlier — rematch soon?', CURRENT_TIMESTAMP);
INSERT INTO message (user_id_1, user_id_2, text, timestamp) VALUES (88, 69, 'Selling an extra copy if anyone is interested.', CURRENT_TIMESTAMP);
INSERT INTO message (user_id_1, user_id_2, text, timestamp) VALUES (86, 46, 'Meetup at 7pm at the usual place.', CURRENT_TIMESTAMP);
INSERT INTO message (user_id_1, user_id_2, text, timestamp) VALUES (39, 22, 'Meetup at 7pm at the usual place.', CURRENT_TIMESTAMP);
INSERT INTO message (user_id_1, user_id_2, text, timestamp) VALUES (24, 38, 'Up for a game tonight?', CURRENT_TIMESTAMP);
INSERT INTO message (user_id_1, user_id_2, text, timestamp) VALUES (61, 17, 'Anyone tried the new expansion? Thoughts?', CURRENT_TIMESTAMP);
INSERT INTO message (user_id_1, user_id_2, text, timestamp) VALUES (93, 72, 'Great match earlier — rematch soon?', CURRENT_TIMESTAMP);
INSERT INTO message (user_id_1, user_id_2, text, timestamp) VALUES (88, 43, 'Up for a game tonight?', CURRENT_TIMESTAMP);
INSERT INTO message (user_id_1, user_id_2, text, timestamp) VALUES (29, 46, 'Great match earlier — rematch soon?', CURRENT_TIMESTAMP);
INSERT INTO message (user_id_1, user_id_2, text, timestamp) VALUES (96, 40, 'Selling an extra copy if anyone is interested.', CURRENT_TIMESTAMP);
INSERT INTO message (user_id_1, user_id_2, text, timestamp) VALUES (43, 48, 'Anyone tried the new expansion? Thoughts?', CURRENT_TIMESTAMP);
INSERT INTO message (user_id_1, user_id_2, text, timestamp) VALUES (75, 38, 'Selling an extra copy if anyone is interested.', CURRENT_TIMESTAMP);
INSERT INTO message (user_id_1, user_id_2, text, timestamp) VALUES (16, 61, 'Up for a game tonight?', CURRENT_TIMESTAMP);
INSERT INTO message (user_id_1, user_id_2, text, timestamp) VALUES (82, 75, 'Meetup at 7pm at the usual place.', CURRENT_TIMESTAMP);
INSERT INTO message (user_id_1, user_id_2, text, timestamp) VALUES (80, 10, 'Selling an extra copy if anyone is interested.', CURRENT_TIMESTAMP);
INSERT INTO message (user_id_1, user_id_2, text, timestamp) VALUES (25, 65, 'Up for a game tonight?', CURRENT_TIMESTAMP);
INSERT INTO message (user_id_1, user_id_2, text, timestamp) VALUES (88, 49, 'Meetup at 7pm at the usual place.', CURRENT_TIMESTAMP);
INSERT INTO message (user_id_1, user_id_2, text, timestamp) VALUES (39, 53, 'Up for a game tonight?', CURRENT_TIMESTAMP);
INSERT INTO message (user_id_1, user_id_2, text, timestamp) VALUES (20, 18, 'Great match earlier — rematch soon?', CURRENT_TIMESTAMP);
INSERT INTO message (user_id_1, user_id_2, text, timestamp) VALUES (44, 53, 'Meetup at 7pm at the usual place.', CURRENT_TIMESTAMP);
INSERT INTO message (user_id_1, user_id_2, text, timestamp) VALUES (59, 19, 'Anyone tried the new expansion? Thoughts?', CURRENT_TIMESTAMP);
INSERT INTO message (user_id_1, user_id_2, text, timestamp) VALUES (92, 24, 'Up for a game tonight?', CURRENT_TIMESTAMP);
INSERT INTO message (user_id_1, user_id_2, text, timestamp) VALUES (63, 43, 'Great match earlier — rematch soon?', CURRENT_TIMESTAMP);
INSERT INTO message (user_id_1, user_id_2, text, timestamp) VALUES (41, 82, 'Up for a game tonight?', CURRENT_TIMESTAMP);
INSERT INTO message (user_id_1, user_id_2, text, timestamp) VALUES (1, 58, 'Anyone tried the new expansion? Thoughts?', CURRENT_TIMESTAMP);
INSERT INTO message (user_id_1, user_id_2, text, timestamp) VALUES (27, 98, 'Great match earlier — rematch soon?', CURRENT_TIMESTAMP);
INSERT INTO message (user_id_1, user_id_2, text, timestamp) VALUES (74, 98, 'Great match earlier — rematch soon?', CURRENT_TIMESTAMP);
INSERT INTO message (user_id_1, user_id_2, text, timestamp) VALUES (63, 98, 'Up for a game tonight?', CURRENT_TIMESTAMP);
INSERT INTO message (user_id_1, user_id_2, text, timestamp) VALUES (17, 79, 'Selling an extra copy if anyone is interested.', CURRENT_TIMESTAMP);
INSERT INTO message (user_id_1, user_id_2, text, timestamp) VALUES (82, 55, 'Selling an extra copy if anyone is interested.', CURRENT_TIMESTAMP);
INSERT INTO message (user_id_1, user_id_2, text, timestamp) VALUES (55, 62, 'Selling an extra copy if anyone is interested.', CURRENT_TIMESTAMP);
INSERT INTO message (user_id_1, user_id_2, text, timestamp) VALUES (1, 5, 'Meetup at 7pm at the usual place.', CURRENT_TIMESTAMP);
INSERT INTO message (user_id_1, user_id_2, text, timestamp) VALUES (26, 94, 'Anyone tried the new expansion? Thoughts?', CURRENT_TIMESTAMP);
INSERT INTO message (user_id_1, user_id_2, text, timestamp) VALUES (2, 42, 'Meetup at 7pm at the usual place.', CURRENT_TIMESTAMP);
INSERT INTO message (user_id_1, user_id_2, text, timestamp) VALUES (25, 3, 'Up for a game tonight?', CURRENT_TIMESTAMP);
INSERT INTO message (user_id_1, user_id_2, text, timestamp) VALUES (81, 94, 'Great match earlier — rematch soon?', CURRENT_TIMESTAMP);
INSERT INTO message (user_id_1, user_id_2, text, timestamp) VALUES (29, 89, 'Anyone tried the new expansion? Thoughts?', CURRENT_TIMESTAMP);
INSERT INTO message (user_id_1, user_id_2, text, timestamp) VALUES (40, 17, 'Up for a game tonight?', CURRENT_TIMESTAMP);
INSERT INTO message (user_id_1, user_id_2, text, timestamp) VALUES (50, 65, 'Meetup at 7pm at the usual place.', CURRENT_TIMESTAMP);
INSERT INTO message (user_id_1, user_id_2, text, timestamp) VALUES (40, 22, 'Up for a game tonight?', CURRENT_TIMESTAMP);
INSERT INTO message (user_id_1, user_id_2, text, timestamp) VALUES (6, 39, 'Anyone tried the new expansion? Thoughts?', CURRENT_TIMESTAMP);
INSERT INTO message (user_id_1, user_id_2, text, timestamp) VALUES (59, 94, 'Meetup at 7pm at the usual place.', CURRENT_TIMESTAMP);
INSERT INTO message (user_id_1, user_id_2, text, timestamp) VALUES (77, 68, 'Anyone tried the new expansion? Thoughts?', CURRENT_TIMESTAMP);
INSERT INTO message (user_id_1, user_id_2, text, timestamp) VALUES (56, 88, 'Great match earlier — rematch soon?', CURRENT_TIMESTAMP);
INSERT INTO message (user_id_1, user_id_2, text, timestamp) VALUES (44, 63, 'Anyone tried the new expansion? Thoughts?', CURRENT_TIMESTAMP);
INSERT INTO message (user_id_1, user_id_2, text, timestamp) VALUES (97, 25, 'Great match earlier — rematch soon?', CURRENT_TIMESTAMP);
INSERT INTO message (user_id_1, user_id_2, text, timestamp) VALUES (52, 3, 'Great match earlier — rematch soon?', CURRENT_TIMESTAMP);
INSERT INTO message (user_id_1, user_id_2, text, timestamp) VALUES (29, 94, 'Great match earlier — rematch soon?', CURRENT_TIMESTAMP);
INSERT INTO message (user_id_1, user_id_2, text, timestamp) VALUES (28, 94, 'Up for a game tonight?', CURRENT_TIMESTAMP);
INSERT INTO message (user_id_1, user_id_2, text, timestamp) VALUES (76, 65, 'Great match earlier — rematch soon?', CURRENT_TIMESTAMP);
INSERT INTO message (user_id_1, user_id_2, text, timestamp) VALUES (16, 47, 'Up for a game tonight?', CURRENT_TIMESTAMP);
INSERT INTO message (user_id_1, user_id_2, text, timestamp) VALUES (49, 82, 'Anyone tried the new expansion? Thoughts?', CURRENT_TIMESTAMP);
INSERT INTO message (user_id_1, user_id_2, text, timestamp) VALUES (99, 69, 'Meetup at 7pm at the usual place.', CURRENT_TIMESTAMP);
INSERT INTO message (user_id_1, user_id_2, text, timestamp) VALUES (7, 77, 'Up for a game tonight?', CURRENT_TIMESTAMP);
INSERT INTO message (user_id_1, user_id_2, text, timestamp) VALUES (85, 14, 'Up for a game tonight?', CURRENT_TIMESTAMP);
INSERT INTO message (user_id_1, user_id_2, text, timestamp) VALUES (7, 89, 'Up for a game tonight?', CURRENT_TIMESTAMP);
INSERT INTO message (user_id_1, user_id_2, text, timestamp) VALUES (54, 57, 'Selling an extra copy if anyone is interested.', CURRENT_TIMESTAMP);
INSERT INTO message (user_id_1, user_id_2, text, timestamp) VALUES (16, 71, 'Anyone tried the new expansion? Thoughts?', CURRENT_TIMESTAMP);
INSERT INTO message (user_id_1, user_id_2, text, timestamp) VALUES (61, 90, 'Great match earlier — rematch soon?', CURRENT_TIMESTAMP);
INSERT INTO message (user_id_1, user_id_2, text, timestamp) VALUES (27, 89, 'Up for a game tonight?', CURRENT_TIMESTAMP);
INSERT INTO message (user_id_1, user_id_2, text, timestamp) VALUES (39, 54, 'Up for a game tonight?', CURRENT_TIMESTAMP);
INSERT INTO message (user_id_1, user_id_2, text, timestamp) VALUES (85, 67, 'Anyone tried the new expansion? Thoughts?', CURRENT_TIMESTAMP);
INSERT INTO message (user_id_1, user_id_2, text, timestamp) VALUES (80, 78, 'Great match earlier — rematch soon?', CURRENT_TIMESTAMP);
INSERT INTO message (user_id_1, user_id_2, text, timestamp) VALUES (54, 14, 'Meetup at 7pm at the usual place.', CURRENT_TIMESTAMP);
INSERT INTO message (user_id_1, user_id_2, text, timestamp) VALUES (93, 80, 'Up for a game tonight?', CURRENT_TIMESTAMP);
INSERT INTO message (user_id_1, user_id_2, text, timestamp) VALUES (37, 15, 'Up for a game tonight?', CURRENT_TIMESTAMP);
INSERT INTO message (user_id_1, user_id_2, text, timestamp) VALUES (64, 26, 'Meetup at 7pm at the usual place.', CURRENT_TIMESTAMP);
INSERT INTO message (user_id_1, user_id_2, text, timestamp) VALUES (26, 100, 'Anyone tried the new expansion? Thoughts?', CURRENT_TIMESTAMP);
INSERT INTO review_comments (review_id, timestamp, text, created_at, updated_at, user_id) VALUES (11, CURRENT_TIMESTAMP, 'Nice write-up!', CURRENT_TIMESTAMP, CURRENT_TIMESTAMP, 12);
INSERT INTO review_comments (review_id, timestamp, text, created_at, updated_at, user_id) VALUES (26, CURRENT_TIMESTAMP, 'Helpful review — thanks!', CURRENT_TIMESTAMP, CURRENT_TIMESTAMP, 38);
INSERT INTO review_comments (review_id, timestamp, text, created_at, updated_at, user_id) VALUES (32, CURRENT_TIMESTAMP, 'I disagree on balance.', CURRENT_TIMESTAMP, CURRENT_TIMESTAMP, 18);
INSERT INTO review_comments (review_id, timestamp, text, created_at, updated_at, user_id) VALUES (69, CURRENT_TIMESTAMP, 'Helpful review — thanks!', CURRENT_TIMESTAMP, CURRENT_TIMESTAMP, 84);
INSERT INTO review_comments (review_id, timestamp, text, created_at, updated_at, user_id) VALUES (70, CURRENT_TIMESTAMP, 'I disagree on balance.', CURRENT_TIMESTAMP, CURRENT_TIMESTAMP, 87);
INSERT INTO review_comments (review_id, timestamp, text, created_at, updated_at, user_id) VALUES (85, CURRENT_TIMESTAMP, 'I disagree on balance.', CURRENT_TIMESTAMP, CURRENT_TIMESTAMP, 83);
INSERT INTO review_comments (review_id, timestamp, text, created_at, updated_at, user_id) VALUES (98, CURRENT_TIMESTAMP, 'Agree completely.', CURRENT_TIMESTAMP, CURRENT_TIMESTAMP, 57);
INSERT INTO review_comments (review_id, timestamp, text, created_at, updated_at, user_id) VALUES (104, CURRENT_TIMESTAMP, 'Agree completely.', CURRENT_TIMESTAMP, CURRENT_TIMESTAMP, 52);
INSERT INTO review_comments (review_id, timestamp, text, created_at, updated_at, user_id) VALUES (105, CURRENT_TIMESTAMP, 'Nice write-up!', CURRENT_TIMESTAMP, CURRENT_TIMESTAMP, 71);
INSERT INTO review_comments (review_id, timestamp, text, created_at, updated_at, user_id) VALUES (126, CURRENT_TIMESTAMP, 'Helpful review — thanks!', CURRENT_TIMESTAMP, CURRENT_TIMESTAMP, 46);
INSERT INTO review_comments (review_id, timestamp, text, created_at, updated_at, user_id) VALUES (144, CURRENT_TIMESTAMP, 'Nice write-up!', CURRENT_TIMESTAMP, CURRENT_TIMESTAMP, 82);
INSERT INTO review_comments (review_id, timestamp, text, created_at, updated_at, user_id) VALUES (152, CURRENT_TIMESTAMP, 'Agree completely.', CURRENT_TIMESTAMP, CURRENT_TIMESTAMP, 56);